DeviceRowID,Value,Usage,Date
126,28950987,3100,2022-08-08 18:35:00
126,28950987,3400,2022-08-08 18:40:00
126,28950987,3600,2022-08-08 18:45:00
126,28950987,3600,2022-08-08 18:50:00
126,28950987,3300,2022-08-08 18:55:00
126,28950987,3300,2022-08-08 19:00:00
126,28950987,3000,2022-08-08 19:05:00
126,28950987,3000,2022-08-08 19:10:00
126,28950987,3000,2022-08-08 19:15:00
126,28950987,3300,2022-08-08 19:20:00
126,28950987,3200,2022-08-08 19:25:00
126,28950987,3100,2022-08-08 19:30:00
126,28950987,3000,2022-08-08 19:35:00
126,28950987,3000,2022-08-08 19:40:00
126,28950987,3300,2022-08-08 19:45:00
126,28950987,3300,2022-08-08 19:50:00
126,28950987,3500,2022-08-08 19:55:00
126,28950987,3500,2022-08-08 20:00:00
126,28950987,3300,2022-08-08 20:05:00
126,28950987,3000,2022-08-08 20:10:00
126,28950987,3100,2022-08-08 20:15:00
126,28950987,3000,2022-08-08 20:20:00
126,28950987,3300,2022-08-08 20:25:00
126,28950987,3300,2022-08-08 20:30:00
126,28950987,3200,2022-08-08 20:35:00
126,28950987,3100,2022-08-08 20:40:00
126,28950987,3400,2022-08-08 20:45:00
126,28950987,3300,2022-08-08 20:50:00
126,28950987,3300,2022-08-08 20:55:00
126,28950987,3700,2022-08-08 21:00:00
126,28950987,3600,2022-08-08 21:05:00
126,28950987,3100,2022-08-08 21:10:00
126,28950987,3100,2022-08-08 21:15:00
126,28950987,3100,2022-08-08 21:20:00
126,28950987,3100,2022-08-08 21:25:00
126,28950987,3100,2022-08-08 21:30:00
126,28950987,3300,2022-08-08 21:35:00
126,28950987,3300,2022-08-08 21:40:00
126,28950987,3400,2022-08-08 21:45:00
126,28950987,3400,2022-08-08 21:50:00
126,28950987,3300,2022-08-08 21:55:00
126,28950987,3300,2022-08-08 22:00:00
126,28950987,3300,2022-08-08 22:05:00
126,28950987,3600,2022-08-08 22:10:00
126,28950987,3100,2022-08-08 22:15:00
126,28950987,3100,2022-08-08 22:20:00
126,28950987,3100,2022-08-08 22:25:00
126,28950989,18800,2022-08-08 22:30:00
126,28951130,16800,2022-08-08 22:35:01
126,28951269,17000,2022-08-08 22:40:00
126,28951410,17000,2022-08-08 22:45:00
126,28951553,17100,2022-08-08 22:50:00
126,28951695,17200,2022-08-08 22:55:00
126,28951838,17300,2022-08-08 23:00:00
126,28951982,17300,2022-08-08 23:05:00
126,28952127,17500,2022-08-08 23:10:00
126,28952272,17400,2022-08-08 23:15:00
126,28952363,3100,2022-08-08 23:20:00
126,28952378,3000,2022-08-08 23:25:00
126,28952392,3000,2022-08-08 23:30:00
126,28952407,3100,2022-08-08 23:35:00
126,28952421,3100,2022-08-08 23:40:00
126,28952436,3100,2022-08-08 23:45:00
126,28952456,3400,2022-08-08 23:50:00
126,28952477,3200,2022-08-08 23:55:00
126,28952496,3200,2022-08-09 00:00:00
126,28952520,3500,2022-08-09 00:05:00
126,28952544,3500,2022-08-09 00:10:00
126,28952567,3200,2022-08-09 00:15:00
126,28952586,3400,2022-08-09 00:20:00
126,28952608,3300,2022-08-09 00:25:00
126,28952629,3100,2022-08-09 00:30:00
126,28952648,3100,2022-08-09 00:35:00
126,28952667,3100,2022-08-09 00:40:00
126,28952686,3100,2022-08-09 00:45:00
126,28952707,3400,2022-08-09 00:50:00
126,28952732,3700,2022-08-09 00:55:00
126,28952758,3600,2022-08-09 01:00:00
126,28952782,3300,2022-08-09 01:05:00
126,28952805,3400,2022-08-09 01:10:00
126,28952827,3100,2022-08-09 01:15:00
126,28952845,3100,2022-08-09 01:20:00
126,28952864,3100,2022-08-09 01:25:00
126,28952885,3300,2022-08-09 01:30:00
126,28952907,3300,2022-08-09 01:35:00
126,28952926,3100,2022-08-09 01:40:00
126,28952944,3100,2022-08-09 01:45:00
126,28952964,3400,2022-08-09 01:50:00
126,28952987,3400,2022-08-09 01:55:00
126,28953010,3400,2022-08-09 02:00:00
126,28953032,3400,2022-08-09 02:05:00
126,28953053,3200,2022-08-09 02:10:00
126,28953071,3000,2022-08-09 02:15:00
126,28953086,3000,2022-08-09 02:20:00
126,28953100,3100,2022-08-09 02:25:00
126,28953115,3100,2022-08-09 02:30:00
126,28953130,3300,2022-08-09 02:35:00
126,28953148,3200,2022-08-09 02:40:00
126,28953164,3000,2022-08-09 02:45:00
126,28953179,3300,2022-08-09 02:50:00
126,28953198,3300,2022-08-09 02:55:00
126,28953217,3200,2022-08-09 03:00:00
126,28953235,3200,2022-08-09 03:05:00
126,28953254,3500,2022-08-09 03:10:00
126,28953276,3200,2022-08-09 03:15:00
126,28953292,3100,2022-08-09 03:20:00
126,28953307,3100,2022-08-09 03:25:00
126,28953321,3100,2022-08-09 03:30:00
126,28953336,3100,2022-08-09 03:35:00
126,28953352,3300,2022-08-09 03:40:00
126,28953373,3500,2022-08-09 03:45:00
126,28953396,3400,2022-08-09 03:50:00
126,28953421,3500,2022-08-09 03:55:00
126,28953445,3400,2022-08-09 04:00:00
126,28953468,3400,2022-08-09 04:05:00
126,28953491,3400,2022-08-09 04:10:00
126,28953515,3400,2022-08-09 04:15:00
126,28953536,3400,2022-08-09 04:20:00
126,28953558,3300,2022-08-09 04:25:00
126,28953577,3100,2022-08-09 04:30:00
126,28953596,3100,2022-08-09 04:35:00
126,28953615,3100,2022-08-09 04:40:00
126,28953634,3100,2022-08-09 04:45:00
126,28953653,3100,2022-08-09 04:50:00
126,28953677,3700,2022-08-09 04:55:00
126,28953703,3600,2022-08-09 05:00:00
126,28953726,3400,2022-08-09 05:05:00
126,28953749,3400,2022-08-09 05:10:00
126,28953772,3300,2022-08-09 05:15:00
126,28953792,3100,2022-08-09 05:20:00
126,28953810,3100,2022-08-09 05:25:00
126,28953831,3300,2022-08-09 05:30:00
126,28953851,3200,2022-08-09 05:35:00
126,28953865,3100,2022-08-09 05:40:00
126,28953880,3100,2022-08-09 05:45:00
126,28953894,3000,2022-08-09 05:50:00
126,28953914,3200,2022-08-09 05:55:00
126,28953933,3300,2022-08-09 06:00:00
126,28953953,3400,2022-08-09 06:05:00
126,28953975,3200,2022-08-09 06:10:00
126,28953994,3200,2022-08-09 06:15:00
126,28954010,3000,2022-08-09 06:20:00
126,28954025,3100,2022-08-09 06:25:00
126,28954039,3000,2022-08-09 06:30:00
126,28954039,3000,2022-08-09 06:35:00
126,28954039,3200,2022-08-09 06:40:00
126,28954039,3000,2022-08-09 06:45:00
126,28954039,3000,2022-08-09 06:50:00
126,28954039,3200,2022-08-09 06:55:00
126,28954039,3200,2022-08-09 07:00:00
126,28954039,3200,2022-08-09 07:05:00
126,28954039,3200,2022-08-09 07:10:00
126,28954039,3700,2022-08-09 07:15:00
126,28954039,3100,2022-08-09 07:20:00
126,28954039,3100,2022-08-09 07:25:00
126,28954039,3100,2022-08-09 07:30:00
126,28954039,3100,2022-08-09 07:35:00
126,28954039,3100,2022-08-09 07:40:00
126,28954039,3100,2022-08-09 07:45:00
126,28954039,3300,2022-08-09 07:50:00
126,28954039,3300,2022-08-09 07:55:00
126,28954039,3400,2022-08-09 08:00:00
126,28954039,3400,2022-08-09 08:05:00
126,28954039,3400,2022-08-09 08:10:00
126,28954039,3300,2022-08-09 08:15:00
126,28954039,3300,2022-08-09 08:20:00
126,28954039,3300,2022-08-09 08:25:00
126,28954039,3300,2022-08-09 08:30:00
126,28954039,3100,2022-08-09 08:35:00
126,28954039,3100,2022-08-09 08:40:00
126,28954039,3100,2022-08-09 08:45:00
126,28954039,3100,2022-08-09 08:50:00
126,28954039,3100,2022-08-09 08:55:00
126,28954039,3200,2022-08-09 09:00:00
126,28954039,3400,2022-08-09 09:05:00
126,28954039,3200,2022-08-09 09:10:00
126,28954039,3200,2022-08-09 09:15:00
126,28954039,3200,2022-08-09 09:20:00
126,28954039,3000,2022-08-09 09:25:00
126,28954039,3000,2022-08-09 09:30:00
126,28954039,3000,2022-08-09 09:35:00
126,28954039,3200,2022-08-09 09:40:00
126,28954039,3000,2022-08-09 09:45:00
126,28954039,3000,2022-08-09 09:50:00
126,28954039,3000,2022-08-09 09:55:00
126,28954039,3000,2022-08-09 10:00:00
126,28954039,3200,2022-08-09 10:05:00
126,28954039,3500,2022-08-09 10:10:00
126,28954039,3400,2022-08-09 10:15:00
126,28954039,3200,2022-08-09 10:20:00
126,28954039,3200,2022-08-09 10:25:00
126,28954039,3000,2022-08-09 10:30:00
126,28954039,3000,2022-08-09 10:35:00
126,28954039,3200,2022-08-09 10:40:00
126,28954039,3400,2022-08-09 10:45:00
126,28954039,3400,2022-08-09 10:50:00
126,28954039,3100,2022-08-09 10:55:00
126,28954039,3100,2022-08-09 11:00:00
126,28954039,3400,2022-08-09 11:05:00
126,28954039,3400,2022-08-09 11:10:00
126,28954039,3300,2022-08-09 11:15:00
126,28954039,3600,2022-08-09 11:20:00
126,28954039,3600,2022-08-09 11:25:00
126,28954039,3100,2022-08-09 11:30:00
126,28954039,3100,2022-08-09 11:35:00
126,28954039,3100,2022-08-09 11:40:00
126,28954039,3100,2022-08-09 11:45:00
126,28954039,3100,2022-08-09 11:50:00
126,28954039,3300,2022-08-09 11:55:00
126,28954039,3100,2022-08-09 12:00:00
126,28954039,8600,2022-08-09 12:05:00
126,28954039,3400,2022-08-09 12:10:00
126,28954039,3300,2022-08-09 12:15:00
126,28954039,3400,2022-08-09 12:20:00
126,28954039,3700,2022-08-09 12:25:00
126,28954039,3600,2022-08-09 12:30:00
126,28954039,3300,2022-08-09 12:35:00
126,28954039,4000,2022-08-09 12:40:00
126,28954039,3500,2022-08-09 12:45:00
126,28954039,3500,2022-08-09 12:50:00
126,28954039,3600,2022-08-09 12:55:00
126,28954039,3500,2022-08-09 13:00:00
126,28954039,3700,2022-08-09 13:05:00
126,28954039,3800,2022-08-09 13:10:00
126,28954039,3700,2022-08-09 13:15:00
126,28954039,3700,2022-08-09 13:20:00
126,28954039,3700,2022-08-09 13:25:00
126,28954039,3700,2022-08-09 13:30:00
126,28954039,3700,2022-08-09 13:35:00
126,28954039,3700,2022-08-09 13:40:00
126,28954039,3400,2022-08-09 13:45:00
126,28954039,3400,2022-08-09 13:50:00
126,28954039,3500,2022-08-09 13:55:00
126,28954039,3500,2022-08-09 14:00:00
126,28954039,3400,2022-08-09 14:05:00
126,28954039,3700,2022-08-09 14:10:00
126,28954039,4000,2022-08-09 14:15:00
126,28954039,3700,2022-08-09 14:20:00
126,28954039,3700,2022-08-09 14:25:00
126,28954039,3700,2022-08-09 14:30:00
126,28954039,3700,2022-08-09 14:35:00
126,28954039,3400,2022-08-09 14:40:00
126,28954039,3300,2022-08-09 14:45:00
126,28954039,3200,2022-08-09 14:50:00
126,28954039,3100,2022-08-09 14:55:00
126,28954039,3100,2022-08-09 15:00:00
126,28954039,3000,2022-08-09 15:05:00
126,28954039,3000,2022-08-09 15:10:00
126,28954039,3400,2022-08-09 15:15:00
126,28954039,3600,2022-08-09 15:20:00
126,28954039,3300,2022-08-09 15:25:00
126,28954039,3300,2022-08-09 15:30:00
126,28954039,3300,2022-08-09 15:35:00
126,28954039,3100,2022-08-09 15:40:00
126,28954039,3000,2022-08-09 15:45:00
126,28954039,3300,2022-08-09 15:50:00
126,28954039,3200,2022-08-09 15:55:00
126,28954039,3000,2022-08-09 16:00:00
126,28954039,3100,2022-08-09 16:05:00
126,28954039,3100,2022-08-09 16:10:00
126,28954039,3400,2022-08-09 16:15:00
126,28954039,3400,2022-08-09 16:20:00
126,28954039,3600,2022-08-09 16:25:00
126,28954039,3600,2022-08-09 16:30:00
126,28954039,3600,2022-08-09 16:35:00
126,28954039,3100,2022-08-09 16:40:00
126,28954039,3100,2022-08-09 16:45:00
126,28954039,3100,2022-08-09 16:50:00
126,28954039,3100,2022-08-09 16:55:00
126,28954039,3300,2022-08-09 17:00:00
126,28954039,3300,2022-08-09 17:05:00
126,28954039,3100,2022-08-09 17:10:00
126,28954039,3400,2022-08-09 17:15:00
126,28954039,3400,2022-08-09 17:20:00
126,28954039,3300,2022-08-09 17:25:00
126,28954039,3300,2022-08-09 17:30:00
126,28954039,3600,2022-08-09 17:35:00
126,28954039,3600,2022-08-09 17:40:00
126,28954039,3000,2022-08-09 17:45:00
126,28954039,3100,2022-08-09 17:50:00
126,28954039,3100,2022-08-09 17:55:00
126,28954039,3100,2022-08-09 18:00:00
126,28954039,3000,2022-08-09 18:05:00
126,28954039,3300,2022-08-09 18:10:00
126,28954039,3600,2022-08-09 18:15:00
126,28954039,3300,2022-08-09 18:20:00
126,28954039,3300,2022-08-09 18:25:00
126,28954039,3300,2022-08-09 18:30:00
126,28954039,3300,2022-08-09 18:35:00
126,28954039,3300,2022-08-09 18:40:00
126,28954039,3300,2022-08-09 18:45:00
126,28954039,3300,2022-08-09 18:50:00
126,28954039,3100,2022-08-09 18:55:00
126,28954039,3100,2022-08-09 19:00:00
126,28954039,3100,2022-08-09 19:05:00
126,28954039,3100,2022-08-09 19:10:00
126,28954039,3400,2022-08-09 19:15:00
126,28954039,3600,2022-08-09 19:20:00
126,28954039,3300,2022-08-09 19:25:00
126,28954039,3300,2022-08-09 19:30:00
126,28954039,3300,2022-08-09 19:35:00
126,28954039,3600,2022-08-09 19:40:00
126,28954039,3300,2022-08-09 19:45:00
126,28954039,3600,2022-08-09 19:50:00
126,28954039,4400,2022-08-09 19:55:00
126,28954039,5200,2022-08-09 20:00:00
126,28954039,5000,2022-08-09 20:05:00
126,28954039,5000,2022-08-09 20:10:00
126,28954039,4900,2022-08-09 20:15:00
126,28954039,4800,2022-08-09 20:20:00
126,28954039,5700,2022-08-09 20:25:00
126,28954039,5400,2022-08-09 20:30:00
126,28954039,5000,2022-08-09 20:35:00
126,28954039,5200,2022-08-09 20:40:00
126,28954039,5300,2022-08-09 20:45:00
126,28954039,5400,2022-08-09 20:50:00
126,28954039,5200,2022-08-09 20:55:00
126,28954039,5400,2022-08-09 21:00:00
126,28954039,5100,2022-08-09 21:05:00
126,28954039,4300,2022-08-09 21:10:00
126,28954039,4400,2022-08-09 21:15:00
126,28954039,4700,2022-08-09 21:20:00
126,28954039,4800,2022-08-09 21:25:00
126,28954039,4700,2022-08-09 21:30:00
126,28954039,4800,2022-08-09 21:35:00
126,28954039,4800,2022-08-09 21:40:00
126,28954039,5000,2022-08-09 21:45:00
126,28954039,4800,2022-08-09 21:50:00
126,28954039,4800,2022-08-09 21:55:00
126,28954039,5100,2022-08-09 22:00:00
126,28954039,5400,2022-08-09 22:05:00
126,28954039,5200,2022-08-09 22:10:00
126,28954039,4500,2022-08-09 22:15:00
126,28954039,4600,2022-08-09 22:20:00
126,28954039,4300,2022-08-09 22:25:00
126,28954040,20500,2022-08-09 22:30:00
126,28954194,18400,2022-08-09 22:35:00
126,28954345,18500,2022-08-09 22:40:00
126,28954495,18100,2022-08-09 22:45:00
126,28954648,18500,2022-08-09 22:50:00
126,28954802,18700,2022-08-09 22:55:00
126,28954956,18600,2022-08-09 23:00:00
126,28955112,18600,2022-08-09 23:05:00
126,28955266,19000,2022-08-09 23:10:00
126,28955424,20400,2022-08-09 23:15:00
126,28955576,18400,2022-08-09 23:20:00
126,28955603,3500,2022-08-09 23:25:00
126,28955625,3700,2022-08-09 23:30:00
126,28955647,3700,2022-08-09 23:35:00
126,28955667,3700,2022-08-09 23:40:00
126,28955690,3900,2022-08-09 23:45:00
126,28955715,4200,2022-08-09 23:50:00
126,28955740,4000,2022-08-09 23:55:00
126,28955769,4200,2022-08-10 00:00:00
126,28955799,4200,2022-08-10 00:05:00
126,28955828,4200,2022-08-10 00:10:00
126,28955859,4500,2022-08-10 00:15:00
126,28955890,4000,2022-08-10 00:20:00
126,28955918,4000,2022-08-10 00:25:00
126,28955943,3800,2022-08-10 00:30:00
126,28955968,3800,2022-08-10 00:35:00
126,28955992,3800,2022-08-10 00:40:00
126,28956017,3700,2022-08-10 00:45:00
126,28956043,4000,2022-08-10 00:50:01
126,28956073,4400,2022-08-10 00:55:00
126,28956103,4100,2022-08-10 01:00:00
126,28956132,4000,2022-08-10 01:05:00
126,28956161,4300,2022-08-10 01:10:00
126,28956192,4200,2022-08-10 01:15:00
126,28956222,4200,2022-08-10 01:20:00
126,28956252,4000,2022-08-10 01:25:00
126,28956279,3700,2022-08-10 01:30:00
126,28956302,3300,2022-08-10 01:35:00
126,28956322,3400,2022-08-10 01:40:00
126,28956344,4100,2022-08-10 01:45:00
126,28956368,3700,2022-08-10 01:50:00
126,28956393,4000,2022-08-10 01:55:00
126,28956425,4400,2022-08-10 02:00:00
126,28956455,4100,2022-08-10 02:05:00
126,28956483,4000,2022-08-10 02:10:00
126,28956512,4100,2022-08-10 02:15:00
126,28956542,3800,2022-08-10 02:20:00
126,28956566,3700,2022-08-10 02:25:00
126,28956589,3800,2022-08-10 02:30:00
126,28956612,3800,2022-08-10 02:35:00
126,28956633,3600,2022-08-10 02:40:00
126,28956653,3400,2022-08-10 02:45:00
126,28956670,3300,2022-08-10 02:50:00
126,28956688,3300,2022-08-10 02:55:00
126,28956709,3600,2022-08-10 03:00:00
126,28956734,3700,2022-08-10 03:05:00
126,28956758,3500,2022-08-10 03:10:00
126,28956780,3600,2022-08-10 03:15:00
126,28956803,3500,2022-08-10 03:20:01
126,28956825,3600,2022-08-10 03:25:00
126,28956843,3300,2022-08-10 03:30:00
126,28956862,3500,2022-08-10 03:35:00
126,28956883,3500,2022-08-10 03:40:00
126,28956902,3300,2022-08-10 03:45:00
126,28956920,3600,2022-08-10 03:50:00
126,28956944,3600,2022-08-10 03:55:00
126,28956967,3900,2022-08-10 04:00:00
126,28956995,3800,2022-08-10 04:05:00
126,28957024,4100,2022-08-10 04:10:00
126,28957054,4100,2022-08-10 04:15:00
126,28957081,3800,2022-08-10 04:20:00
126,28957107,3700,2022-08-10 04:25:00
126,28957131,3500,2022-08-10 04:30:00
126,28957153,3500,2022-08-10 04:35:00
126,28957174,3100,2022-08-10 04:40:01
126,28957196,3500,2022-08-10 04:45:00
126,28957217,3100,2022-08-10 04:50:00
126,28957236,3100,2022-08-10 04:55:00
126,28957254,3100,2022-08-10 05:00:00
126,28957276,3400,2022-08-10 05:05:00
126,28957300,3400,2022-08-10 05:10:00
126,28957324,3600,2022-08-10 05:15:00
126,28957350,3600,2022-08-10 05:20:00
126,28957373,3400,2022-08-10 05:25:00
126,28957394,3100,2022-08-10 05:30:00
126,28957413,3100,2022-08-10 05:35:00
126,28957431,3100,2022-08-10 05:40:00
126,28957450,3100,2022-08-10 05:45:00
126,28957471,3300,2022-08-10 05:50:00
126,28957493,3300,2022-08-10 05:55:00
126,28957512,3100,2022-08-10 06:00:00
126,28957533,3400,2022-08-10 06:05:00
126,28957557,3400,2022-08-10 06:10:00
126,28957580,3400,2022-08-10 06:15:00
126,28957603,3400,2022-08-10 06:20:00
126,28957627,3500,2022-08-10 06:25:00
126,28957648,3100,2022-08-10 06:30:00
126,28957648,3200,2022-08-10 06:35:00
126,28957648,3200,2022-08-10 06:40:00
126,28957648,3200,2022-08-10 06:45:00
126,28957648,3100,2022-08-10 06:50:00
126,28957648,3100,2022-08-10 06:55:00
126,28957648,3200,2022-08-10 07:00:00
126,28957648,3200,2022-08-10 07:05:00
126,28957648,3200,2022-08-10 07:10:00
126,28957648,3200,2022-08-10 07:15:00
126,28957648,3200,2022-08-10 07:20:00
126,28957648,3200,2022-08-10 07:25:00
126,28957648,3300,2022-08-10 07:30:00
126,28957648,3200,2022-08-10 07:35:00
126,28957648,3000,2022-08-10 07:40:00
126,28957648,3100,2022-08-10 07:45:00
126,28957648,3000,2022-08-10 07:50:00
126,28957648,3000,2022-08-10 07:55:00
126,28957648,3200,2022-08-10 08:00:00
126,28957648,3800,2022-08-10 08:05:00
126,28957648,3700,2022-08-10 08:10:00
126,28957648,3700,2022-08-10 08:15:00
126,28957648,3400,2022-08-10 08:20:00
126,28957648,3400,2022-08-10 08:25:00
126,28957648,3400,2022-08-10 08:30:00
126,28957648,3100,2022-08-10 08:35:00
126,28957648,3100,2022-08-10 08:40:00
126,28957648,3300,2022-08-10 08:45:00
126,28957648,3300,2022-08-10 08:50:00
126,28957648,3100,2022-08-10 08:55:00
126,28957648,3100,2022-08-10 09:00:00
126,28957648,3100,2022-08-10 09:05:00
126,28957648,3400,2022-08-10 09:10:00
126,28957648,3400,2022-08-10 09:15:00
126,28957648,3600,2022-08-10 09:20:00
126,28957648,3400,2022-08-10 09:25:00
126,28957648,3300,2022-08-10 09:30:00
126,28957648,3400,2022-08-10 09:35:00
126,28957648,3100,2022-08-10 09:40:00
126,28957648,3100,2022-08-10 09:45:00
126,28957648,3100,2022-08-10 09:50:00
126,28957648,3300,2022-08-10 09:55:00
126,28957648,3100,2022-08-10 10:00:00
126,28957648,3000,2022-08-10 10:05:00
126,28957648,3100,2022-08-10 10:10:00
126,28957648,3400,2022-08-10 10:15:01
126,28957648,3400,2022-08-10 10:20:00
126,28957648,3600,2022-08-10 10:25:00
126,28957648,3600,2022-08-10 10:30:00
126,28957648,3600,2022-08-10 10:35:00
126,28957648,3300,2022-08-10 10:40:00
126,28957648,3100,2022-08-10 10:45:00
126,28957648,3100,2022-08-10 10:50:00
126,28957648,3000,2022-08-10 10:55:00
126,28957648,3200,2022-08-10 11:00:00
126,28957648,3200,2022-08-10 11:05:00
126,28957648,3000,2022-08-10 11:10:00
126,28957648,3000,2022-08-10 11:15:00
126,28957648,3200,2022-08-10 11:20:00
126,28957648,3200,2022-08-10 11:25:00
126,28957648,3200,2022-08-10 11:30:00
126,28957648,3400,2022-08-10 11:35:00
126,28957648,3400,2022-08-10 11:40:00
126,28957648,3200,2022-08-10 11:45:00
126,28957648,3000,2022-08-10 11:50:00
126,28957648,3000,2022-08-10 11:55:00
126,28957648,3000,2022-08-10 12:00:00
126,28957648,3300,2022-08-10 12:05:00
126,28957648,3200,2022-08-10 12:10:00
126,28957648,3000,2022-08-10 12:15:00
126,28957648,3000,2022-08-10 12:20:00
126,28957648,3200,2022-08-10 12:25:00
126,28957648,3500,2022-08-10 12:30:00
126,28957648,3900,2022-08-10 12:35:00
126,28957648,4100,2022-08-10 12:40:00
126,28957648,4100,2022-08-10 12:45:00
126,28957648,3700,2022-08-10 12:50:00
126,28957648,3500,2022-08-10 12:55:00
126,28957648,3400,2022-08-10 13:00:00
126,28957648,3400,2022-08-10 13:05:00
126,28957648,3500,2022-08-10 13:10:00
126,28957648,3700,2022-08-10 13:15:00
126,28957648,3700,2022-08-10 13:20:00
126,28957648,3800,2022-08-10 13:25:00
126,28957648,3700,2022-08-10 13:30:00
126,28957648,3800,2022-08-10 13:35:00
126,28957648,3700,2022-08-10 13:40:00
126,28957648,3700,2022-08-10 13:45:00
126,28957648,4000,2022-08-10 13:50:00
126,28957648,3600,2022-08-10 13:55:00
126,28957648,3400,2022-08-10 14:00:00
126,28957648,3400,2022-08-10 14:05:00
126,28957648,3400,2022-08-10 14:10:00
126,28957648,3400,2022-08-10 14:15:00
126,28957648,3400,2022-08-10 14:20:00
126,28957648,3700,2022-08-10 14:25:00
126,28957648,4000,2022-08-10 14:30:00
126,28957648,3300,2022-08-10 14:35:00
126,28957648,3300,2022-08-10 14:40:00
126,28957648,3300,2022-08-10 14:45:00
126,28957648,3300,2022-08-10 14:50:00
126,28957648,3100,2022-08-10 14:55:00
126,28957648,3300,2022-08-10 15:00:00
126,28957648,3300,2022-08-10 15:05:00
126,28957648,3100,2022-08-10 15:10:00
126,28957648,3100,2022-08-10 15:15:00
126,28957648,3100,2022-08-10 15:20:00
126,28957648,3100,2022-08-10 15:25:00
126,28957648,3400,2022-08-10 15:30:00
126,28957648,3600,2022-08-10 15:35:00
126,28957648,3400,2022-08-10 15:40:00
126,28957648,3400,2022-08-10 15:45:00
126,28957648,3300,2022-08-10 15:50:00
126,28957648,3100,2022-08-10 15:55:00
126,28957648,3100,2022-08-10 16:00:00
126,28957648,3300,2022-08-10 16:05:00
126,28957648,3300,2022-08-10 16:10:00
126,28957648,3100,2022-08-10 16:15:00
126,28957648,3100,2022-08-10 16:20:00
126,28957648,3100,2022-08-10 16:25:00
126,28957648,3400,2022-08-10 16:30:00
126,28957648,3700,2022-08-10 16:35:00
126,28957648,3600,2022-08-10 16:40:00
126,28957648,3300,2022-08-10 16:45:00
126,28957648,3300,2022-08-10 16:50:00
126,28957648,3300,2022-08-10 16:55:00
126,28957648,3100,2022-08-10 17:00:00
126,28957648,3100,2022-08-10 17:05:00
126,28957648,3300,2022-08-10 17:10:00
126,28957648,3300,2022-08-10 17:15:00
126,28957648,3300,2022-08-10 17:20:00
126,28957648,3100,2022-08-10 17:25:00
126,28957648,3400,2022-08-10 17:30:00
126,28957648,3400,2022-08-10 17:35:00
126,28957648,3300,2022-08-10 17:40:00
126,28957648,3600,2022-08-10 17:45:00
126,28957648,3600,2022-08-10 17:50:00
126,28957648,3300,2022-08-10 17:55:00
126,28957648,3100,2022-08-10 18:00:00
126,28957648,3100,2022-08-10 18:05:00
126,28957648,3100,2022-08-10 18:10:00
126,28957648,3100,2022-08-10 18:15:00
126,28957648,3300,2022-08-10 18:20:00
126,28957648,3100,2022-08-10 18:25:00
126,28957648,3400,2022-08-10 18:30:00
126,28957648,3300,2022-08-10 18:35:00
126,28957648,3400,2022-08-10 18:40:00
126,28957648,3300,2022-08-10 18:45:00
126,28957648,3600,2022-08-10 18:50:00
126,28957648,3600,2022-08-10 18:55:00
126,28957648,3200,2022-08-10 19:00:00
126,28957648,3100,2022-08-10 19:05:00
126,28957648,3000,2022-08-10 19:10:00
126,28957648,3100,2022-08-10 19:15:00
126,28957648,3100,2022-08-10 19:20:00
126,28957648,3300,2022-08-10 19:25:00
126,28957648,3600,2022-08-10 19:30:00
126,28957648,3400,2022-08-10 19:35:00
126,28957648,3300,2022-08-10 19:40:00
126,28957648,3300,2022-08-10 19:45:00
126,28957648,3300,2022-08-10 19:50:00
126,28957648,3600,2022-08-10 19:55:00
126,28957648,3300,2022-08-10 20:00:00
126,28957648,3100,2022-08-10 20:05:00
126,28957648,3400,2022-08-10 20:10:00
126,28957648,3200,2022-08-10 20:15:00
126,28957648,3700,2022-08-10 20:20:00
126,28957648,3700,2022-08-10 20:25:00
126,28957648,4600,2022-08-10 20:30:00
126,28957648,4400,2022-08-10 20:35:00
126,28957648,4100,2022-08-10 20:40:00
126,28957648,4100,2022-08-10 20:45:00
126,28957648,4100,2022-08-10 20:50:00
126,28957648,3800,2022-08-10 20:55:00
126,28957648,3800,2022-08-10 21:00:00
126,28957648,4000,2022-08-10 21:05:00
126,28957648,3100,2022-08-10 21:10:00
126,28957648,3100,2022-08-10 21:15:00
126,28957648,3200,2022-08-10 21:20:00
126,28957648,3200,2022-08-10 21:25:00
126,28957648,3500,2022-08-10 21:30:00
126,28957648,3700,2022-08-10 21:35:00
126,28957648,3700,2022-08-10 21:40:00
126,28957648,3400,2022-08-10 21:45:00
126,28957648,3400,2022-08-10 21:50:00
126,28957648,3200,2022-08-10 21:55:00
126,28957648,3200,2022-08-10 22:00:00
126,28957648,3400,2022-08-10 22:05:00
126,28957648,3400,2022-08-10 22:10:00
126,28957648,3400,2022-08-10 22:15:00
126,28957648,3200,2022-08-10 22:20:00
126,28957648,3200,2022-08-10 22:25:00
126,28957649,20300,2022-08-10 22:30:00
126,28957801,18100,2022-08-10 22:35:00
126,28957951,18100,2022-08-10 22:40:00
126,28958101,18100,2022-08-10 22:45:00
126,28958250,17800,2022-08-10 22:50:00
126,28958395,17400,2022-08-10 22:55:00
126,28958539,17300,2022-08-10 23:00:00
126,28958686,17800,2022-08-10 23:05:00
126,28958834,17900,2022-08-10 23:10:00
126,28958986,18300,2022-08-10 23:15:00
126,28959138,18700,2022-08-10 23:20:00
126,28959294,18600,2022-08-10 23:25:00
126,28959448,18800,2022-08-10 23:30:00
126,28959603,18400,2022-08-10 23:35:00
126,28959757,18500,2022-08-10 23:40:00
126,28959838,3600,2022-08-10 23:45:00
126,28959863,3300,2022-08-10 23:50:00
126,28959883,3100,2022-08-10 23:55:00
126,28959902,3100,2022-08-11 00:00:00
126,28959921,3100,2022-08-11 00:05:00
126,28959940,3100,2022-08-11 00:10:00
126,28959959,3400,2022-08-11 00:15:00
126,28959982,3400,2022-08-11 00:20:00
126,28960005,3500,2022-08-11 00:25:00
126,28960029,3400,2022-08-11 00:30:00
126,28960052,3700,2022-08-11 00:35:00
126,28960082,5100,2022-08-11 00:40:00
126,28960119,5000,2022-08-11 00:45:00
126,28960156,4900,2022-08-11 00:50:00
126,28960192,4900,2022-08-11 00:55:00
126,28960225,4600,2022-08-11 01:00:00
126,28960257,4600,2022-08-11 01:05:00
126,28960287,4400,2022-08-11 01:10:00
126,28960315,4500,2022-08-11 01:15:00
126,28960343,4800,2022-08-11 01:20:00
126,28960378,5000,2022-08-11 01:25:00
126,28960413,4700,2022-08-11 01:30:00
126,28960445,4700,2022-08-11 01:35:00
126,28960477,4700,2022-08-11 01:40:00
126,28960509,4700,2022-08-11 01:45:00
126,28960538,4400,2022-08-11 01:50:00
126,28960568,4700,2022-08-11 01:55:00
126,28960599,4600,2022-08-11 02:00:00
126,28960627,4400,2022-08-11 02:05:00
126,28960655,4400,2022-08-11 02:10:00
126,28960686,5100,2022-08-11 02:15:00
126,28960720,5400,2022-08-11 02:20:00
126,28960758,5700,2022-08-11 02:25:00
126,28960799,5600,2022-08-11 02:30:00
126,28960843,5700,2022-08-11 02:35:00
126,28960886,5800,2022-08-11 02:40:00
126,28960928,5700,2022-08-11 02:45:00
126,28960967,5400,2022-08-11 02:50:00
126,28961005,5300,2022-08-11 02:55:00
126,28961045,5600,2022-08-11 03:00:00
126,28961087,5600,2022-08-11 03:05:00
126,28961121,4400,2022-08-11 03:10:00
126,28961148,3900,2022-08-11 03:15:00
126,28961179,4700,2022-08-11 03:20:00
126,28961209,3800,2022-08-11 03:25:00
126,28961235,4100,2022-08-11 03:30:00
126,28961263,3700,2022-08-11 03:35:00
126,28961289,5400,2022-08-11 03:40:00
126,28961374,17700,2022-08-11 03:45:00
126,28961403,4700,2022-08-11 03:50:00
126,28961431,4700,2022-08-11 03:55:00
126,28961463,4700,2022-08-11 04:00:00
126,28961493,5000,2022-08-11 04:05:00
126,28961523,4500,2022-08-11 04:10:00
126,28961551,4000,2022-08-11 04:15:00
126,28961581,4300,2022-08-11 04:20:00
126,28961613,4600,2022-08-11 04:25:00
126,28961644,4500,2022-08-11 04:30:00
126,28961675,4900,2022-08-11 04:35:00
126,28961710,4700,2022-08-11 04:40:00
126,28961741,4400,2022-08-11 04:45:00
126,28961768,4000,2022-08-11 04:50:00
126,28961795,4300,2022-08-11 04:55:00
126,28961822,4100,2022-08-11 05:00:00
126,28961848,4800,2022-08-11 05:05:00
126,28961877,4200,2022-08-11 05:10:00
126,28961908,5400,2022-08-11 05:15:00
126,28961940,4800,2022-08-11 05:20:00
126,28961971,4500,2022-08-11 05:25:00
126,28962002,3600,2022-08-11 05:30:00
126,28962026,3200,2022-08-11 05:35:00
126,28962049,3300,2022-08-11 05:40:00
126,28962072,3400,2022-08-11 05:45:00
126,28962093,3300,2022-08-11 05:50:00
126,28962110,2700,2022-08-11 05:55:00
126,28962134,5400,2022-08-11 06:00:00
126,28962165,3900,2022-08-11 06:05:00
126,28962196,4500,2022-08-11 06:10:00
126,28962217,3500,2022-08-11 06:15:00
126,28962238,3400,2022-08-11 06:20:00
126,28962258,3200,2022-08-11 06:25:00
126,28962276,3200,2022-08-11 06:30:00
126,28962276,3100,2022-08-11 06:35:00
126,28962276,3000,2022-08-11 06:40:00
126,28962276,3000,2022-08-11 06:45:00
126,28962276,3100,2022-08-11 06:50:00
126,28962276,3200,2022-08-11 06:55:00
126,28962276,3200,2022-08-11 07:00:00
126,28962276,3200,2022-08-11 07:05:00
126,28962276,3100,2022-08-11 07:10:00
126,28962276,3400,2022-08-11 07:15:00
126,28962276,3400,2022-08-11 07:20:00
126,28962276,3300,2022-08-11 07:25:00
126,28962276,3600,2022-08-11 07:30:00
126,28962276,3300,2022-08-11 07:35:00
126,28962276,3000,2022-08-11 07:40:00
126,28962276,3200,2022-08-11 07:45:00
126,28962276,3100,2022-08-11 07:50:00
126,28962276,3400,2022-08-11 07:55:00
126,28962276,3600,2022-08-11 08:00:00
126,28962276,3600,2022-08-11 08:05:00
126,28962276,3600,2022-08-11 08:10:00
126,28962276,3700,2022-08-11 08:15:00
126,28962276,3600,2022-08-11 08:20:00
126,28962276,3600,2022-08-11 08:25:00
126,28962276,3600,2022-08-11 08:30:00
126,28962276,3900,2022-08-11 08:35:00
126,28962276,3600,2022-08-11 08:40:00
126,28962276,3500,2022-08-11 08:45:00
126,28962276,3400,2022-08-11 08:50:00
126,28962276,3300,2022-08-11 08:55:00
126,28962276,3400,2022-08-11 09:00:00
126,28962276,3400,2022-08-11 09:05:00
126,28962276,4000,2022-08-11 09:10:00
126,28962276,3900,2022-08-11 09:15:00
126,28962276,3600,2022-08-11 09:20:00
126,28962276,3700,2022-08-11 09:25:00
126,28962276,4000,2022-08-11 09:30:00
126,28962276,4000,2022-08-11 09:35:00
126,28962276,3800,2022-08-11 09:40:00
126,28962276,3800,2022-08-11 09:45:00
126,28962276,4300,2022-08-11 09:50:00
126,28962276,4000,2022-08-11 09:55:00
126,28962276,4000,2022-08-11 10:00:00
126,28962276,3600,2022-08-11 10:05:00
126,28962276,3800,2022-08-11 10:10:00
126,28962276,3800,2022-08-11 10:15:00
126,28962276,4500,2022-08-11 10:20:00
126,28962276,4300,2022-08-11 10:25:00
126,28962276,4400,2022-08-11 10:30:00
126,28962276,4200,2022-08-11 10:35:00
126,28962276,3900,2022-08-11 10:40:00
126,28962276,3900,2022-08-11 10:45:00
126,28962276,4200,2022-08-11 10:50:00
126,28962276,4200,2022-08-11 10:55:00
126,28962276,4100,2022-08-11 11:00:00
126,28962276,4100,2022-08-11 11:05:00
126,28962276,4500,2022-08-11 11:10:00
126,28962276,4400,2022-08-11 11:15:00
126,28962276,4400,2022-08-11 11:20:00
126,28962276,4800,2022-08-11 11:25:00
126,28962276,4700,2022-08-11 11:30:00
126,28962276,4300,2022-08-11 11:35:00
126,28962276,4300,2022-08-11 11:40:00
126,28962276,4000,2022-08-11 11:45:00
126,28962276,3900,2022-08-11 11:50:00
126,28962276,4000,2022-08-11 11:55:00
126,28962276,4200,2022-08-11 12:00:00
126,28962276,4100,2022-08-11 12:05:00
126,28962276,3800,2022-08-11 12:10:00
126,28962276,4200,2022-08-11 12:15:00
126,28962276,4300,2022-08-11 12:20:00
126,28962276,4400,2022-08-11 12:25:00
126,28962276,4700,2022-08-11 12:30:00
126,28962276,4500,2022-08-11 12:35:00
126,28962276,4100,2022-08-11 12:40:00
126,28962276,4000,2022-08-11 12:45:00
126,28962276,3900,2022-08-11 12:50:00
126,28962276,3900,2022-08-11 12:55:00
126,28962276,3900,2022-08-11 13:00:00
126,28962276,5000,2022-08-11 13:05:00
126,28962276,5000,2022-08-11 13:10:00
126,28962276,5400,2022-08-11 13:15:00
126,28962276,14300,2022-08-11 13:20:00
126,28962276,13300,2022-08-11 13:25:00
126,28962276,5000,2022-08-11 13:30:00
126,28962276,5500,2022-08-11 13:35:00
126,28962276,6000,2022-08-11 13:40:00
126,28962276,5500,2022-08-11 13:45:00
126,28962276,4700,2022-08-11 13:50:00
126,28962276,4800,2022-08-11 13:55:00
126,28962276,18200,2022-08-11 14:00:00
126,28962276,5200,2022-08-11 14:05:00
126,28962276,5300,2022-08-11 14:10:00
126,28962276,5400,2022-08-11 14:15:00
126,28962276,11300,2022-08-11 14:20:00
126,28962276,5800,2022-08-11 14:25:00
126,28962276,5300,2022-08-11 14:30:00
126,28962276,4400,2022-08-11 14:35:00
126,28962276,4700,2022-08-11 14:40:00
126,28962276,5000,2022-08-11 14:45:00
126,28962276,4200,2022-08-11 14:50:00
126,28962276,4100,2022-08-11 14:55:00
126,28962276,4100,2022-08-11 15:00:00
126,28962276,4300,2022-08-11 15:05:00
126,28962276,4400,2022-08-11 15:10:00
126,28962276,17600,2022-08-11 15:15:00
126,28962276,18500,2022-08-11 15:20:00
126,28962276,4600,2022-08-11 15:25:00
126,28962276,4300,2022-08-11 15:30:00
126,28962276,4300,2022-08-11 15:35:00
126,28962276,4300,2022-08-11 15:40:00
126,28962276,4300,2022-08-11 15:45:00
126,28962276,4100,2022-08-11 15:50:00
126,28962276,4300,2022-08-11 15:55:00
126,28962276,4200,2022-08-11 16:00:00
126,28962276,4000,2022-08-11 16:05:00
126,28962276,4100,2022-08-11 16:10:00
126,28962276,4000,2022-08-11 16:15:00
126,28962276,4400,2022-08-11 16:20:00
126,28962276,4800,2022-08-11 16:25:00
126,28962276,4700,2022-08-11 16:30:00
126,28962276,4700,2022-08-11 16:35:00
126,28962276,4400,2022-08-11 16:40:00
126,28962276,4500,2022-08-11 16:45:00
126,28962276,4100,2022-08-11 16:50:00
126,28962276,4000,2022-08-11 16:55:00
126,28962276,4300,2022-08-11 17:00:00
126,28962276,4300,2022-08-11 17:05:00
126,28962276,4000,2022-08-11 17:10:00
126,28962276,4000,2022-08-11 17:15:00
126,28962276,4000,2022-08-11 17:20:00
126,28962276,4400,2022-08-11 17:25:00
126,28962276,4700,2022-08-11 17:30:00
126,28962276,4600,2022-08-11 17:35:00
126,28962276,4400,2022-08-11 17:40:00
126,28962276,4300,2022-08-11 17:45:00
126,28962276,4300,2022-08-11 17:50:00
126,28962276,4000,2022-08-11 17:55:00
126,28962276,4400,2022-08-11 18:00:00
126,28962276,4400,2022-08-11 18:05:00
126,28962276,4300,2022-08-11 18:10:00
126,28962276,4200,2022-08-11 18:15:00
126,28962276,3900,2022-08-11 18:20:00
126,28962276,4400,2022-08-11 18:25:00
126,28962276,3900,2022-08-11 18:30:00
126,28962276,4300,2022-08-11 18:35:00
126,28962276,4700,2022-08-11 18:40:00
126,28962276,4600,2022-08-11 18:45:00
126,28962276,4300,2022-08-11 18:50:00
126,28962276,4300,2022-08-11 18:55:00
126,28962276,4000,2022-08-11 19:00:00
126,28962276,4100,2022-08-11 19:05:00
126,28962276,4200,2022-08-11 19:10:00
126,28962276,4300,2022-08-11 19:15:00
126,28962276,4000,2022-08-11 19:20:00
126,28962276,4000,2022-08-11 19:25:00
126,28962276,4600,2022-08-11 19:30:00
126,28962276,4400,2022-08-11 19:35:00
126,28962276,4600,2022-08-11 19:40:00
126,28962276,4500,2022-08-11 19:45:00
126,28962276,4300,2022-08-11 19:50:00
126,28962276,4400,2022-08-11 19:55:00
126,28962276,3900,2022-08-11 20:00:00
126,28962276,4000,2022-08-11 20:05:00
126,28962276,4200,2022-08-11 20:10:00
126,28962276,4200,2022-08-11 20:15:00
126,28962276,4200,2022-08-11 20:20:00
126,28962276,4100,2022-08-11 20:25:00
126,28962276,4300,2022-08-11 20:30:00
126,28962276,4300,2022-08-11 20:35:00
126,28962276,4500,2022-08-11 20:40:00
126,28962276,4500,2022-08-11 20:45:00
126,28962276,4500,2022-08-11 20:50:00
126,28962276,4300,2022-08-11 20:55:00
126,28962276,4200,2022-08-11 21:00:00
126,28962276,4400,2022-08-11 21:05:00
126,28962276,4900,2022-08-11 21:10:00
126,28962276,5100,2022-08-11 21:15:00
126,28962276,4700,2022-08-11 21:20:00
126,28962276,4500,2022-08-11 21:25:00
126,28962276,4700,2022-08-11 21:30:00
126,28962276,5100,2022-08-11 21:35:00
126,28962276,4600,2022-08-11 21:40:00
126,28962276,5000,2022-08-11 21:45:00
126,28962276,4600,2022-08-11 21:50:00
126,28962276,4400,2022-08-11 21:55:00
126,28962276,4200,2022-08-11 22:00:00
126,28962276,4300,2022-08-11 22:05:00
126,28962276,4300,2022-08-11 22:10:00
126,28962276,4000,2022-08-11 22:15:00
126,28962276,4300,2022-08-11 22:20:00
126,28962276,4200,2022-08-11 22:25:00
126,28962277,20400,2022-08-11 22:30:00
126,28962432,19600,2022-08-11 22:35:00
126,28962584,18400,2022-08-11 22:40:00
126,28962736,18200,2022-08-11 22:45:00
126,28962888,18600,2022-08-11 22:50:00
126,28963042,18700,2022-08-11 22:55:00
126,28963198,18900,2022-08-11 23:00:00
126,28963354,19000,2022-08-11 23:05:00
126,28963512,18600,2022-08-11 23:10:00
126,28963667,18600,2022-08-11 23:15:00
126,28963825,19300,2022-08-11 23:20:00
126,28963988,19900,2022-08-11 23:25:00
126,28964152,19900,2022-08-11 23:30:00
126,28964310,18800,2022-08-11 23:35:00
126,28964467,19300,2022-08-11 23:40:00
126,28964626,18900,2022-08-11 23:45:00
126,28964736,3700,2022-08-11 23:50:00
126,28964765,4000,2022-08-11 23:55:00
126,28964794,4000,2022-08-12 00:00:00
126,28964820,3700,2022-08-12 00:05:00
126,28964843,3400,2022-08-12 00:10:00
126,28964864,3400,2022-08-12 00:15:00
126,28964886,3400,2022-08-12 00:20:00
126,28964909,3600,2022-08-12 00:25:00
126,28964933,3500,2022-08-12 00:30:00
126,28964956,3700,2022-08-12 00:35:00
126,28964982,3700,2022-08-12 00:40:00
126,28965007,3600,2022-08-12 00:45:00
126,28965033,3700,2022-08-12 00:50:00
126,28965059,3900,2022-08-12 00:55:00
126,28965087,3800,2022-08-12 01:00:00
126,28965113,3400,2022-08-12 01:05:00
126,28965134,3400,2022-08-12 01:10:00
126,28965155,3300,2022-08-12 01:15:00
126,28965175,3400,2022-08-12 01:20:00
126,28965197,3600,2022-08-12 01:25:00
126,28965221,3500,2022-08-12 01:30:00
126,28965247,3900,2022-08-12 01:35:00
126,28965274,3600,2022-08-12 01:40:00
126,28965299,3600,2022-08-12 01:45:00
126,28965324,3600,2022-08-12 01:50:00
126,28965349,3600,2022-08-12 01:55:00
126,28965375,3900,2022-08-12 02:00:00
126,28965400,3500,2022-08-12 02:05:00
126,28965422,3300,2022-08-12 02:10:00
126,28965443,3400,2022-08-12 02:15:00
126,28965464,3400,2022-08-12 02:20:00
126,28965485,3400,2022-08-12 02:25:00
126,28965505,3400,2022-08-12 02:30:00
126,28965534,3900,2022-08-12 02:35:00
126,28965562,3900,2022-08-12 02:40:00
126,28965587,3700,2022-08-12 02:45:00
126,28965612,3600,2022-08-12 02:50:00
126,28965637,3600,2022-08-12 02:55:00
126,28965661,3400,2022-08-12 03:00:00
126,28965684,3600,2022-08-12 03:05:00
126,28965707,3500,2022-08-12 03:10:00
126,28965728,3400,2022-08-12 03:15:00
126,28965749,3400,2022-08-12 03:20:00
126,28965770,3400,2022-08-12 03:25:00
126,28965794,3700,2022-08-12 03:30:00
126,28965821,3900,2022-08-12 03:35:00
126,28965850,3900,2022-08-12 03:40:00
126,28965878,3900,2022-08-12 03:45:00
126,28965904,3700,2022-08-12 03:50:00
126,28965928,3400,2022-08-12 03:55:00
126,28965949,3400,2022-08-12 04:00:00
126,28965969,3400,2022-08-12 04:05:00
126,28965992,3600,2022-08-12 04:10:00
126,28966015,3600,2022-08-12 04:15:00
126,28966037,3400,2022-08-12 04:20:00
126,28966060,3600,2022-08-12 04:25:01
126,28966085,3600,2022-08-12 04:30:00
126,28966110,3600,2022-08-12 04:35:00
126,28966136,4000,2022-08-12 04:40:00
126,28966164,3900,2022-08-12 04:45:00
126,28966191,3600,2022-08-12 04:50:00
126,28966212,3400,2022-08-12 04:55:00
126,28966233,3400,2022-08-12 05:00:00
126,28966254,3300,2022-08-12 05:05:00
126,28966274,3300,2022-08-12 05:10:00
126,28966297,3600,2022-08-12 05:15:00
126,28966320,3500,2022-08-12 05:20:00
126,28966344,3500,2022-08-12 05:25:00
126,28966365,3500,2022-08-12 05:30:00
126,28966385,3500,2022-08-12 05:35:00
126,28966406,3500,2022-08-12 05:40:00
126,28966428,3700,2022-08-12 05:45:00
126,28966451,3500,2022-08-12 05:50:00
126,28966469,3300,2022-08-12 05:55:00
126,28966486,3300,2022-08-12 06:00:00
126,28966502,3300,2022-08-12 06:05:00
126,28966519,3300,2022-08-12 06:10:00
126,28966535,3300,2022-08-12 06:15:00
126,28966556,3500,2022-08-12 06:20:00
126,28966578,3400,2022-08-12 06:25:00
126,28966599,3300,2022-08-12 06:30:00
126,28966599,3300,2022-08-12 06:35:00
126,28966599,3300,2022-08-12 06:40:00
126,28966599,3300,2022-08-12 06:45:00
126,28966599,3200,2022-08-12 06:50:00
126,28966599,3200,2022-08-12 06:55:01
126,28966599,3400,2022-08-12 07:00:00
126,28966599,3300,2022-08-12 07:05:00
126,28966599,3200,2022-08-12 07:10:00
126,28966599,3200,2022-08-12 07:15:00
126,28966599,3500,2022-08-12 07:20:00
126,28966599,3800,2022-08-12 07:25:00
126,28966599,3700,2022-08-12 07:30:00
126,28966599,3400,2022-08-12 07:35:00
126,28966599,3400,2022-08-12 07:40:00
126,28966599,3400,2022-08-12 07:45:00
126,28966599,3100,2022-08-12 07:50:00
126,28966599,3100,2022-08-12 07:55:00
126,28966599,3300,2022-08-12 08:00:00
126,28966599,3100,2022-08-12 08:05:00
126,28966599,3100,2022-08-12 08:10:00
126,28966599,3100,2022-08-12 08:15:00
126,28966599,3600,2022-08-12 08:20:00
126,28966599,3400,2022-08-12 08:25:00
126,28966599,3700,2022-08-12 08:30:00
126,28966599,3600,2022-08-12 08:35:00
126,28966599,3300,2022-08-12 08:40:00
126,28966599,3300,2022-08-12 08:45:00
126,28966599,3100,2022-08-12 08:50:00
126,28966599,3100,2022-08-12 08:55:00
126,28966599,3100,2022-08-12 09:00:00
126,28966599,3300,2022-08-12 09:05:00
126,28966599,3200,2022-08-12 09:10:00
126,28966599,3100,2022-08-12 09:15:00
126,28966599,3100,2022-08-12 09:20:00
126,28966599,3400,2022-08-12 09:25:00
126,28966599,3400,2022-08-12 09:30:00
126,28966599,3400,2022-08-12 09:35:00
126,28966599,3600,2022-08-12 09:40:00
126,28966599,3600,2022-08-12 09:45:00
126,28966599,3300,2022-08-12 09:50:00
126,28966599,3100,2022-08-12 09:55:00
126,28966599,3100,2022-08-12 10:00:00
126,28966599,3100,2022-08-12 10:05:00
126,28966599,3300,2022-08-12 10:10:00
126,28966599,3300,2022-08-12 10:15:00
126,28966599,3100,2022-08-12 10:20:00
126,28966599,3400,2022-08-12 10:25:00
126,28966599,3300,2022-08-12 10:30:00
126,28966599,3400,2022-08-12 10:35:00
126,28966599,3700,2022-08-12 10:40:00
126,28966599,3600,2022-08-12 10:45:00
126,28966599,3400,2022-08-12 10:50:00
126,28966599,3100,2022-08-12 10:55:00
126,28966599,3100,2022-08-12 11:00:00
126,28966599,3100,2022-08-12 11:05:00
126,28966599,3100,2022-08-12 11:10:00
126,28966599,3300,2022-08-12 11:15:00
126,28966599,3300,2022-08-12 11:20:00
126,28966599,3400,2022-08-12 11:25:00
126,28966599,3400,2022-08-12 11:30:00
126,28966599,3400,2022-08-12 11:35:00
126,28966599,3400,2022-08-12 11:40:00
126,28966599,3400,2022-08-12 11:45:00
126,28966599,3600,2022-08-12 11:50:00
126,28966599,3100,2022-08-12 11:55:00
126,28966599,3100,2022-08-12 12:00:00
126,28966599,3100,2022-08-12 12:05:00
126,28966599,3100,2022-08-12 12:10:00
126,28966599,3100,2022-08-12 12:15:00
126,28966599,3300,2022-08-12 12:20:00
126,28966599,3600,2022-08-12 12:25:00
126,28966599,3400,2022-08-12 12:30:00
126,28966599,3400,2022-08-12 12:35:00
126,28966599,3400,2022-08-12 12:40:00
126,28966599,3400,2022-08-12 12:45:00
126,28966599,3600,2022-08-12 12:50:00
126,28966599,3300,2022-08-12 12:55:00
126,28966599,3300,2022-08-12 13:00:00
126,28966599,3100,2022-08-12 13:05:00
126,28966599,3100,2022-08-12 13:10:00
126,28966599,3100,2022-08-12 13:15:00
126,28966599,3100,2022-08-12 13:20:00
126,28966599,3300,2022-08-12 13:25:00
126,28966599,3600,2022-08-12 13:30:00
126,28966599,3400,2022-08-12 13:35:00
126,28966599,3400,2022-08-12 13:40:00
126,28966599,3400,2022-08-12 13:45:00
126,28966599,3400,2022-08-12 13:50:00
126,28966599,3300,2022-08-12 13:55:00
126,28966599,3300,2022-08-12 14:00:00
126,28966599,3100,2022-08-12 14:05:00
126,28966599,3100,2022-08-12 14:10:00
126,28966599,3100,2022-08-12 14:15:00
126,28966599,3100,2022-08-12 14:20:00
126,28966599,3400,2022-08-12 14:25:00
126,28966599,3700,2022-08-12 14:30:00
126,28966599,3600,2022-08-12 14:35:00
126,28966599,3400,2022-08-12 14:40:00
126,28966599,3400,2022-08-12 14:45:00
126,28966599,3400,2022-08-12 14:50:00
126,28966599,3100,2022-08-12 14:55:00
126,28966599,3300,2022-08-12 15:00:00
126,28966599,3300,2022-08-12 15:05:00
126,28966599,3100,2022-08-12 15:10:00
126,28966599,3100,2022-08-12 15:15:00
126,28966599,3100,2022-08-12 15:20:00
126,28966599,3100,2022-08-12 15:25:00
126,28966599,3300,2022-08-12 15:30:00
126,28966599,3600,2022-08-12 15:35:00
126,28966599,3300,2022-08-12 15:40:00
126,28966599,3300,2022-08-12 15:45:00
126,28966599,3300,2022-08-12 15:50:00
126,28966599,3000,2022-08-12 15:55:00
126,28966599,3100,2022-08-12 16:00:00
126,28966599,3300,2022-08-12 16:05:00
126,28966599,3300,2022-08-12 16:10:00
126,28966599,3300,2022-08-12 16:15:00
126,28966599,3100,2022-08-12 16:20:00
126,28966599,3100,2022-08-12 16:25:00
126,28966599,3400,2022-08-12 16:30:00
126,28966599,3300,2022-08-12 16:35:00
126,28966599,3600,2022-08-12 16:40:00
126,28966599,3600,2022-08-12 16:45:00
126,28966599,3300,2022-08-12 16:50:00
126,28966599,3100,2022-08-12 16:55:00
126,28966599,3100,2022-08-12 17:00:00
126,28966599,3100,2022-08-12 17:05:00
126,28966599,3300,2022-08-12 17:10:00
126,28966599,3300,2022-08-12 17:15:00
126,28966599,3100,2022-08-12 17:20:00
126,28966599,3100,2022-08-12 17:25:00
126,28966599,3300,2022-08-12 17:30:00
126,28966599,3300,2022-08-12 17:35:00
126,28966599,3600,2022-08-12 17:40:00
126,28966599,3600,2022-08-12 17:45:00
126,28966599,3500,2022-08-12 17:50:00
126,28966599,3100,2022-08-12 17:55:00
126,28966599,3100,2022-08-12 18:00:00
126,28966599,3100,2022-08-12 18:05:00
126,28966599,3100,2022-08-12 18:10:00
126,28966599,3300,2022-08-12 18:15:00
126,28966599,3200,2022-08-12 18:20:00
126,28966599,3400,2022-08-12 18:25:00
126,28966599,3400,2022-08-12 18:30:00
126,28966599,3400,2022-08-12 18:35:00
126,28966599,3300,2022-08-12 18:40:00
126,28966599,3600,2022-08-12 18:45:00
126,28966599,3600,2022-08-12 18:50:00
126,28966599,3200,2022-08-12 18:55:00
126,28966599,3100,2022-08-12 19:00:00
126,28966599,3100,2022-08-12 19:05:00
126,28966599,3100,2022-08-12 19:10:00
126,28966599,3100,2022-08-12 19:15:00
126,28966599,3000,2022-08-12 19:20:00
126,28966599,3700,2022-08-12 19:25:00
126,28966599,3600,2022-08-12 19:30:00
126,28966599,3600,2022-08-12 19:35:00
126,28966599,3600,2022-08-12 19:40:00
126,28966599,3300,2022-08-12 19:45:00
126,28966599,3300,2022-08-12 19:50:00
126,28966599,3000,2022-08-12 19:55:00
126,28966599,3100,2022-08-12 20:00:00
126,28966599,3300,2022-08-12 20:05:00
126,28966599,3300,2022-08-12 20:10:00
126,28966599,3100,2022-08-12 20:15:00
126,28966599,3100,2022-08-12 20:20:00
126,28966599,3400,2022-08-12 20:25:00
126,28966599,3400,2022-08-12 20:30:00
126,28966599,3700,2022-08-12 20:35:00
126,28966599,3600,2022-08-12 20:40:00
126,28966599,3300,2022-08-12 20:45:00
126,28966599,3300,2022-08-12 20:50:00
126,28966599,3100,2022-08-12 20:55:00
126,28966599,3100,2022-08-12 21:00:00
126,28966599,3400,2022-08-12 21:05:00
126,28966599,3900,2022-08-12 21:10:00
126,28966599,3900,2022-08-12 21:15:00
126,28966599,4100,2022-08-12 21:20:00
126,28966599,4300,2022-08-12 21:25:00
126,28966599,4400,2022-08-12 21:30:00
126,28966599,4000,2022-08-12 21:35:00
126,28966599,4400,2022-08-12 21:40:00
126,28966599,4300,2022-08-12 21:45:00
126,28966599,4000,2022-08-12 21:50:00
126,28966599,4300,2022-08-12 21:55:00
126,28966599,3700,2022-08-12 22:00:00
126,28966599,4000,2022-08-12 22:05:00
126,28966599,4300,2022-08-12 22:10:00
126,28966599,4300,2022-08-12 22:15:00
126,28966599,4000,2022-08-12 22:20:00
126,28966599,4000,2022-08-12 22:25:00
126,28966600,20100,2022-08-12 22:30:00
126,28966752,18200,2022-08-12 22:35:00
126,28966902,18500,2022-08-12 22:40:00
126,28967057,18600,2022-08-12 22:45:00
126,28967214,18900,2022-08-12 22:50:00
126,28967370,18600,2022-08-12 22:55:00
126,28967524,18500,2022-08-12 23:00:00
126,28967679,18800,2022-08-12 23:05:00
126,28967835,18900,2022-08-12 23:10:00
126,28967992,19200,2022-08-12 23:15:00
126,28968152,19400,2022-08-12 23:20:00
126,28968312,19200,2022-08-12 23:25:00
126,28968472,19400,2022-08-12 23:30:00
126,28968631,19300,2022-08-12 23:35:00
126,28968770,4400,2022-08-12 23:40:00
126,28968802,4800,2022-08-12 23:45:00
126,28968837,4600,2022-08-12 23:50:00
126,28968872,4400,2022-08-12 23:55:00
126,28968903,4300,2022-08-13 00:00:00
126,28968934,4300,2022-08-13 00:05:00
126,28968962,4000,2022-08-13 00:10:00
126,28968989,4300,2022-08-13 00:15:00
126,28969022,5300,2022-08-13 00:20:00
126,28969054,4700,2022-08-13 00:25:00
126,28969082,3800,2022-08-13 00:30:00
126,28969106,3800,2022-08-13 00:35:00
126,28969134,4100,2022-08-13 00:40:00
126,28969163,4100,2022-08-13 00:45:00
126,28969192,4100,2022-08-13 00:50:00
126,28969219,4100,2022-08-13 00:55:00
126,28969246,3800,2022-08-13 01:00:00
126,28969270,3800,2022-08-13 01:05:00
126,28969294,3800,2022-08-13 01:10:00
126,28969315,3600,2022-08-13 01:15:00
126,28969335,3600,2022-08-13 01:20:00
126,28969358,3900,2022-08-13 01:25:00
126,28969381,3600,2022-08-13 01:30:00
126,28969401,3600,2022-08-13 01:35:00
126,28969421,3600,2022-08-13 01:40:00
126,28969445,3800,2022-08-13 01:45:00
126,28969469,3900,2022-08-13 01:50:00
126,28969496,4100,2022-08-13 01:55:00
126,28969523,4000,2022-08-13 02:00:00
126,28969548,3800,2022-08-13 02:05:00
126,28969572,3900,2022-08-13 02:10:00
126,28969600,3800,2022-08-13 02:15:00
126,28969622,3500,2022-08-13 02:20:00
126,28969645,3700,2022-08-13 02:25:00
126,28969670,3600,2022-08-13 02:30:00
126,28969694,3600,2022-08-13 02:35:00
126,28969716,3400,2022-08-13 02:40:00
126,28969739,3700,2022-08-13 02:45:00
126,28969764,3700,2022-08-13 02:50:00
126,28969790,3700,2022-08-13 02:55:00
126,28969818,4000,2022-08-13 03:00:00
126,28969846,3900,2022-08-13 03:05:00
126,28969871,3700,2022-08-13 03:10:00
126,28969896,3400,2022-08-13 03:15:00
126,28969917,3400,2022-08-13 03:20:00
126,28969938,3400,2022-08-13 03:25:00
126,28969960,3600,2022-08-13 03:30:00
126,28969984,3600,2022-08-13 03:35:00
126,28970006,3400,2022-08-13 03:40:00
126,28970025,3300,2022-08-13 03:45:00
126,28970046,3500,2022-08-13 03:50:00
126,28970067,3500,2022-08-13 03:55:01
126,28970088,3500,2022-08-13 04:00:00
126,28970112,3700,2022-08-13 04:05:00
126,28970135,3500,2022-08-13 04:10:00
126,28970156,3300,2022-08-13 04:15:00
126,28970173,3300,2022-08-13 04:20:00
126,28970189,3300,2022-08-13 04:25:00
126,28970206,3300,2022-08-13 04:30:00
126,28970224,3400,2022-08-13 04:35:00
126,28970244,3400,2022-08-13 04:40:00
126,28970262,3500,2022-08-13 04:45:00
126,28970283,3500,2022-08-13 04:50:00
126,28970305,3500,2022-08-13 04:55:00
126,28970326,3500,2022-08-13 05:00:00
126,28970347,3700,2022-08-13 05:05:00
126,28970371,3700,2022-08-13 05:10:00
126,28970396,3500,2022-08-13 05:15:00
126,28970418,3500,2022-08-13 05:20:00
126,28970439,3400,2022-08-13 05:25:00
126,28970461,3400,2022-08-13 05:30:00
126,28970482,3400,2022-08-13 05:35:00
126,28970505,3600,2022-08-13 05:40:00
126,28970529,3900,2022-08-13 05:45:00
126,28970556,3700,2022-08-13 05:50:00
126,28970579,3400,2022-08-13 05:55:00
126,28970602,3400,2022-08-13 06:00:00
126,28970625,3400,2022-08-13 06:05:00
126,28970649,3600,2022-08-13 06:10:00
126,28970674,3300,2022-08-13 06:15:00
126,28970694,3100,2022-08-13 06:20:00
126,28970713,3000,2022-08-13 06:25:00
126,28970727,3000,2022-08-13 06:30:00
126,28970727,3000,2022-08-13 06:35:00
126,28970727,3000,2022-08-13 06:40:00
126,28970727,3200,2022-08-13 06:45:00
126,28970727,3400,2022-08-13 06:50:00
126,28970727,3200,2022-08-13 06:55:00
126,28970727,3200,2022-08-13 07:00:00
126,28970727,3200,2022-08-13 07:05:00
126,28970727,3400,2022-08-13 07:10:00
126,28970727,3300,2022-08-13 07:15:00
126,28970727,3400,2022-08-13 07:20:00
126,28970727,3300,2022-08-13 07:25:00
126,28970727,3300,2022-08-13 07:30:00
126,28970727,3300,2022-08-13 07:35:00
126,28970727,3300,2022-08-13 07:40:00
126,28970727,3300,2022-08-13 07:45:00
126,28970727,3700,2022-08-13 07:50:00
126,28970727,3600,2022-08-13 07:55:00
126,28970727,3500,2022-08-13 08:00:00
126,28970727,3700,2022-08-13 08:05:00
126,28970727,3400,2022-08-13 08:10:00
126,28970727,3100,2022-08-13 08:15:00
126,28970727,3100,2022-08-13 08:20:00
126,28970727,3300,2022-08-13 08:25:00
126,28970727,3300,2022-08-13 08:30:00
126,28970727,4000,2022-08-13 08:35:00
126,28970727,3900,2022-08-13 08:40:00
126,28970727,3800,2022-08-13 08:45:00
126,28970727,4200,2022-08-13 08:50:00
126,28970727,4200,2022-08-13 08:55:00
126,28970727,4400,2022-08-13 09:00:00
126,28970727,4100,2022-08-13 09:05:00
126,28970727,3700,2022-08-13 09:10:00
126,28970727,3500,2022-08-13 09:15:00
126,28970727,3400,2022-08-13 09:20:00
126,28970727,3300,2022-08-13 09:25:00
126,28970727,4000,2022-08-13 09:30:00
126,28970727,3900,2022-08-13 09:35:00
126,28970727,3700,2022-08-13 09:40:00
126,28970727,3500,2022-08-13 09:45:00
126,28970727,3500,2022-08-13 09:50:00
126,28970727,3600,2022-08-13 09:55:00
126,28970727,3600,2022-08-13 10:00:00
126,28970727,3800,2022-08-13 10:05:00
126,28970727,3700,2022-08-13 10:10:00
126,28970727,3400,2022-08-13 10:15:00
126,28970727,3400,2022-08-13 10:20:00
126,28970727,3400,2022-08-13 10:25:00
126,28970727,3300,2022-08-13 10:30:00
126,28970727,3500,2022-08-13 10:35:00
126,28970727,3500,2022-08-13 10:40:00
126,28970727,3800,2022-08-13 10:45:01
126,28970727,3600,2022-08-13 10:50:00
126,28970727,3800,2022-08-13 10:55:00
126,28970727,3800,2022-08-13 11:00:00
126,28970727,3800,2022-08-13 11:05:00
126,28970727,4100,2022-08-13 11:10:00
126,28970727,3500,2022-08-13 11:15:00
126,28970727,3500,2022-08-13 11:20:00
126,28970727,3400,2022-08-13 11:25:00
126,28970727,3500,2022-08-13 11:30:00
126,28970727,3500,2022-08-13 11:35:00
126,28970727,3700,2022-08-13 11:40:00
126,28970727,4100,2022-08-13 11:45:00
126,28970727,3500,2022-08-13 11:50:00
126,28970727,3400,2022-08-13 11:55:00
126,28970727,3400,2022-08-13 12:00:00
126,28970727,3400,2022-08-13 12:05:00
126,28970727,3700,2022-08-13 12:10:00
126,28970727,3600,2022-08-13 12:15:00
126,28970727,3300,2022-08-13 12:20:00
126,28970727,3100,2022-08-13 12:25:00
126,28970727,4200,2022-08-13 12:30:00
126,28970727,3500,2022-08-13 12:35:00
126,28970727,3400,2022-08-13 12:40:00
126,28970727,4000,2022-08-13 12:45:00
126,28970727,4000,2022-08-13 12:50:00
126,28970727,3700,2022-08-13 12:55:00
126,28970727,3700,2022-08-13 13:00:00
126,28970727,4500,2022-08-13 13:05:00
126,28970727,4700,2022-08-13 13:10:00
126,28970727,26700,2022-08-13 13:15:00
126,28970727,13600,2022-08-13 13:20:00
126,28970727,5800,2022-08-13 13:25:00
126,28970727,4200,2022-08-13 13:30:00
126,28970727,4300,2022-08-13 13:35:00
126,28970727,4300,2022-08-13 13:40:00
126,28970727,4700,2022-08-13 13:45:00
126,28970727,5000,2022-08-13 13:50:00
126,28970727,4900,2022-08-13 13:55:00
126,28970727,4900,2022-08-13 14:00:00
126,28970727,4600,2022-08-13 14:05:00
126,28970727,4100,2022-08-13 14:10:00
126,28970727,4300,2022-08-13 14:15:00
126,28970727,3900,2022-08-13 14:20:00
126,28970727,4500,2022-08-13 14:25:00
126,28970727,4100,2022-08-13 14:30:00
126,28970727,4300,2022-08-13 14:35:00
126,28970727,4200,2022-08-13 14:40:00
126,28970727,4100,2022-08-13 14:45:00
126,28970727,4200,2022-08-13 14:50:00
126,28970727,4300,2022-08-13 14:55:00
126,28970727,4100,2022-08-13 15:00:00
126,28970727,4200,2022-08-13 15:05:00
126,28970727,4200,2022-08-13 15:10:00
126,28970727,4100,2022-08-13 15:15:00
126,28970727,3800,2022-08-13 15:20:00
126,28970727,4200,2022-08-13 15:25:00
126,28970727,4100,2022-08-13 15:30:00
126,28970727,4100,2022-08-13 15:35:00
126,28970727,3800,2022-08-13 15:40:00
126,28970727,4000,2022-08-13 15:45:00
126,28970727,4200,2022-08-13 15:50:00
126,28970727,4000,2022-08-13 15:55:00
126,28970727,4500,2022-08-13 16:00:00
126,28970727,4300,2022-08-13 16:05:00
126,28970727,4100,2022-08-13 16:10:00
126,28970727,3900,2022-08-13 16:15:00
126,28970727,3800,2022-08-13 16:20:00
126,28970727,3800,2022-08-13 16:25:01
126,28970727,4100,2022-08-13 16:30:00
126,28970727,4100,2022-08-13 16:35:00
126,28970727,3800,2022-08-13 16:40:00
126,28970727,3800,2022-08-13 16:45:00
126,28970727,4000,2022-08-13 16:50:00
126,28970727,4200,2022-08-13 16:55:00
126,28970727,4300,2022-08-13 17:00:00
126,28970727,4100,2022-08-13 17:05:00
126,28970727,4500,2022-08-13 17:10:00
126,28970727,3300,2022-08-13 17:15:00
126,28970727,3300,2022-08-13 17:20:00
126,28970727,3300,2022-08-13 17:25:00
126,28970727,3100,2022-08-13 17:30:00
126,28970727,3300,2022-08-13 17:35:00
126,28970727,3300,2022-08-13 17:40:00
126,28970727,3100,2022-08-13 17:45:00
126,28970727,3100,2022-08-13 17:50:00
126,28970727,3100,2022-08-13 17:55:00
126,28970727,3400,2022-08-13 18:00:00
126,28970727,3600,2022-08-13 18:05:00
126,28970727,3600,2022-08-13 18:10:00
126,28970727,3300,2022-08-13 18:15:00
126,28970727,3300,2022-08-13 18:20:00
126,28970727,3300,2022-08-13 18:25:00
126,28970727,3000,2022-08-13 18:30:00
126,28970727,3400,2022-08-13 18:35:00
126,28970727,3300,2022-08-13 18:40:00
126,28970727,3300,2022-08-13 18:45:00
126,28970727,3000,2022-08-13 18:50:00
126,28970727,3100,2022-08-13 18:55:00
126,28970727,3400,2022-08-13 19:00:00
126,28970727,3700,2022-08-13 19:05:00
126,28970727,3600,2022-08-13 19:10:00
126,28970727,3300,2022-08-13 19:15:00
126,28970727,3300,2022-08-13 19:20:00
126,28970727,3300,2022-08-13 19:25:00
126,28970727,3100,2022-08-13 19:30:00
126,28970727,3300,2022-08-13 19:35:00
126,28970727,3300,2022-08-13 19:40:00
126,28970727,3100,2022-08-13 19:45:00
126,28970727,3100,2022-08-13 19:50:00
126,28970727,3100,2022-08-13 19:55:00
126,28970727,3400,2022-08-13 20:00:00
126,28970727,3700,2022-08-13 20:05:00
126,28970727,4000,2022-08-13 20:10:00
126,28970727,4500,2022-08-13 20:15:00
126,28970727,4300,2022-08-13 20:20:00
126,28970727,4100,2022-08-13 20:25:00
126,28970727,3800,2022-08-13 20:30:00
126,28970727,3800,2022-08-13 20:35:00
126,28970727,4000,2022-08-13 20:40:00
126,28970727,4500,2022-08-13 20:45:00
126,28970727,4200,2022-08-13 20:50:00
126,28970727,4400,2022-08-13 20:55:00
126,28970727,4500,2022-08-13 21:00:00
126,28970727,4200,2022-08-13 21:05:00
126,28970727,4000,2022-08-13 21:10:00
126,28970727,4300,2022-08-13 21:15:00
126,28970727,4100,2022-08-13 21:20:00
126,28970727,4100,2022-08-13 21:25:00
126,28970727,3800,2022-08-13 21:30:00
126,28970727,3700,2022-08-13 21:35:00
126,28970727,4600,2022-08-13 21:40:00
126,28970727,5100,2022-08-13 21:45:00
126,28970727,4200,2022-08-13 21:50:00
126,28970727,4500,2022-08-13 21:55:00
126,28970727,4300,2022-08-13 22:00:00
126,28970727,4400,2022-08-13 22:05:00
126,28970727,4300,2022-08-13 22:10:00
126,28970727,4200,2022-08-13 22:15:00
126,28970727,4300,2022-08-13 22:20:00
126,28970727,4200,2022-08-13 22:25:00
126,28970729,19800,2022-08-13 22:30:00
126,28970880,18500,2022-08-13 22:35:00
126,28971031,18200,2022-08-13 22:40:00
126,28971181,18400,2022-08-13 22:45:00
126,28971333,18300,2022-08-13 22:50:00
126,28971490,19100,2022-08-13 22:55:00
126,28971648,18800,2022-08-13 23:00:00
126,28971805,18700,2022-08-13 23:05:00
126,28971955,19000,2022-08-13 23:10:00
126,28972112,18900,2022-08-13 23:15:00
126,28972270,19800,2022-08-13 23:20:00
126,28972432,19100,2022-08-13 23:25:00
126,28972591,18800,2022-08-13 23:30:00
126,28972747,18900,2022-08-13 23:35:00
126,28972902,18900,2022-08-13 23:40:00
126,28973059,18900,2022-08-13 23:45:00
126,28973146,3800,2022-08-13 23:50:00
126,28973174,4400,2022-08-13 23:55:00
126,28973207,4400,2022-08-14 00:00:00
126,28973239,4300,2022-08-14 00:05:00
126,28973268,4000,2022-08-14 00:10:00
126,28973297,4000,2022-08-14 00:15:00
126,28973326,4000,2022-08-14 00:20:00
126,28973353,3800,2022-08-14 00:25:00
126,28973379,3900,2022-08-14 00:30:00
126,28973406,3900,2022-08-14 00:35:00
126,28973432,3800,2022-08-14 00:40:00
126,28973456,3700,2022-08-14 00:45:00
126,28973480,3700,2022-08-14 00:50:00
126,28973507,4100,2022-08-14 00:55:00
126,28973536,4400,2022-08-14 01:00:00
126,28973568,4300,2022-08-14 01:05:00
126,28973600,4100,2022-08-14 01:10:00
126,28973626,3900,2022-08-14 01:15:00
126,28973651,3900,2022-08-14 01:20:00
126,28973672,3600,2022-08-14 01:25:00
126,28973692,3600,2022-08-14 01:30:00
126,28973715,3800,2022-08-14 01:35:00
126,28973738,3800,2022-08-14 01:40:00
126,28973759,3700,2022-08-14 01:45:00
126,28973779,3700,2022-08-14 01:50:00
126,28973802,3900,2022-08-14 01:55:00
126,28973827,3900,2022-08-14 02:00:00
126,28973851,8300,2022-08-14 02:05:00
126,28973879,4100,2022-08-14 02:10:00
126,28973906,3900,2022-08-14 02:15:00
126,28973930,3700,2022-08-14 02:20:00
126,28973951,3700,2022-08-14 02:25:00
126,28973971,3700,2022-08-14 02:30:00
126,28973991,3800,2022-08-14 02:35:00
126,28974015,4300,2022-08-14 02:40:00
126,28974045,4100,2022-08-14 02:45:00
126,28974073,4100,2022-08-14 02:50:00
126,28974103,4100,2022-08-14 02:55:00
126,28974132,4100,2022-08-14 03:00:00
126,28974161,4100,2022-08-14 03:05:00
126,28974191,4100,2022-08-14 03:10:00
126,28974223,4400,2022-08-14 03:15:00
126,28974255,4000,2022-08-14 03:20:00
126,28974280,3800,2022-08-14 03:25:00
126,28974304,3800,2022-08-14 03:30:00
126,28974329,3800,2022-08-14 03:35:00
126,28974354,3700,2022-08-14 03:40:00
126,28974379,4000,2022-08-14 03:45:00
126,28974406,4100,2022-08-14 03:50:00
126,28974435,4100,2022-08-14 03:55:00
126,28974465,4100,2022-08-14 04:00:00
126,28974494,4100,2022-08-14 04:05:00
126,28974522,4100,2022-08-14 04:10:00
126,28974551,4100,2022-08-14 04:15:00
126,28974582,4000,2022-08-14 04:20:00
126,28974609,4000,2022-08-14 04:25:00
126,28974635,3800,2022-08-14 04:30:00
126,28974659,3700,2022-08-14 04:35:00
126,28974679,3700,2022-08-14 04:40:00
126,28974700,3700,2022-08-14 04:45:00
126,28974720,3700,2022-08-14 04:50:00
126,28974746,4200,2022-08-14 04:55:00
126,28974774,4100,2022-08-14 05:00:00
126,28974799,3900,2022-08-14 05:05:00
126,28974823,3900,2022-08-14 05:10:00
126,28974848,3900,2022-08-14 05:15:00
126,28974872,3700,2022-08-14 05:20:01
126,28974893,3900,2022-08-14 05:25:00
126,28974916,3900,2022-08-14 05:30:00
126,28974938,3700,2022-08-14 05:35:00
126,28974958,3700,2022-08-14 05:40:00
126,28974979,3700,2022-08-14 05:45:00
126,28974999,3700,2022-08-14 05:50:00
126,28975023,3900,2022-08-14 05:55:00
126,28975050,4600,2022-08-14 06:00:00
126,28975084,4400,2022-08-14 06:05:00
126,28975114,4200,2022-08-14 06:10:00
126,28975144,4100,2022-08-14 06:15:00
126,28975171,3800,2022-08-14 06:20:00
126,28975196,3800,2022-08-14 06:25:00
126,28975222,4100,2022-08-14 06:30:00
126,28975222,4100,2022-08-14 06:35:00
126,28975222,4100,2022-08-14 06:40:00
126,28975222,3800,2022-08-14 06:45:00
126,28975222,3800,2022-08-14 06:50:00
126,28975222,4100,2022-08-14 06:55:00
126,28975222,4100,2022-08-14 07:00:00
126,28975222,4300,2022-08-14 07:05:00
126,28975222,4300,2022-08-14 07:10:00
126,28975222,4100,2022-08-14 07:15:00
126,28975222,3800,2022-08-14 07:20:00
126,28975222,3800,2022-08-14 07:25:00
126,28975222,3800,2022-08-14 07:30:00
126,28975222,3800,2022-08-14 07:35:00
126,28975222,4000,2022-08-14 07:40:00
126,28975222,3800,2022-08-14 07:45:00
126,28975222,4300,2022-08-14 07:50:00
126,28975222,4100,2022-08-14 07:55:00
126,28975222,4100,2022-08-14 08:00:00
126,28975222,4000,2022-08-14 08:05:00
126,28975222,4400,2022-08-14 08:10:00
126,28975222,4100,2022-08-14 08:15:00
126,28975222,3700,2022-08-14 08:20:00
126,28975222,3700,2022-08-14 08:25:00
126,28975222,3700,2022-08-14 08:30:00
126,28975222,3700,2022-08-14 08:35:00
126,28975222,3700,2022-08-14 08:40:00
126,28975222,3900,2022-08-14 08:45:00
126,28975222,3800,2022-08-14 08:50:00
126,28975222,3900,2022-08-14 08:55:00
126,28975222,3900,2022-08-14 09:00:00
126,28975222,3900,2022-08-14 09:05:00
126,28975222,3900,2022-08-14 09:10:00
126,28975222,3800,2022-08-14 09:15:00
126,28975222,3900,2022-08-14 09:20:00
126,28975222,3600,2022-08-14 09:25:00
126,28975222,3600,2022-08-14 09:30:00
126,28975222,3600,2022-08-14 09:35:00
126,28975222,3900,2022-08-14 09:40:00
126,28975222,3800,2022-08-14 09:45:00
126,28975222,4100,2022-08-14 09:50:00
126,28975222,4400,2022-08-14 09:55:00
126,28975222,5000,2022-08-14 10:00:00
126,28975222,4600,2022-08-14 10:05:00
126,28975222,4700,2022-08-14 10:10:00
126,28975222,4100,2022-08-14 10:15:00
126,28975222,3900,2022-08-14 10:20:00
126,28975222,4600,2022-08-14 10:25:00
126,28975222,4900,2022-08-14 10:30:00
126,28975222,4500,2022-08-14 10:35:00
126,28975222,4200,2022-08-14 10:40:00
126,28975222,18200,2022-08-14 10:45:00
126,28975222,5000,2022-08-14 10:50:00
126,28975222,5000,2022-08-14 10:55:00
126,28975222,6400,2022-08-14 11:00:00
126,28975222,6100,2022-08-14 11:05:00
126,28975222,5900,2022-08-14 11:10:00
126,28975222,5700,2022-08-14 11:15:00
126,28975222,5600,2022-08-14 11:20:00
126,28975222,5400,2022-08-14 11:25:00
126,28975222,5700,2022-08-14 11:30:00
126,28975222,5600,2022-08-14 11:35:00
126,28975222,5200,2022-08-14 11:40:00
126,28975222,5100,2022-08-14 11:45:00
126,28975222,5300,2022-08-14 11:50:00
126,28975222,18500,2022-08-14 11:55:00
126,28975222,18700,2022-08-14 12:00:00
126,28975222,5300,2022-08-14 12:05:00
126,28975222,5100,2022-08-14 12:10:00
126,28975222,4300,2022-08-14 12:15:00
126,28975222,4800,2022-08-14 12:20:00
126,28975222,4400,2022-08-14 12:25:00
126,28975222,4400,2022-08-14 12:30:00
126,28975222,4200,2022-08-14 12:35:00
126,28975222,4200,2022-08-14 12:40:00
126,28975222,4300,2022-08-14 12:45:00
126,28975222,3800,2022-08-14 12:50:00
126,28975222,4300,2022-08-14 12:55:00
126,28975222,4000,2022-08-14 13:00:00
126,28975222,4100,2022-08-14 13:05:00
126,28975222,4000,2022-08-14 13:10:00
126,28975222,5000,2022-08-14 13:15:00
126,28975222,4800,2022-08-14 13:20:00
126,28975222,4700,2022-08-14 13:25:00
126,28975222,4400,2022-08-14 13:30:00
126,28975222,4400,2022-08-14 13:35:00
126,28975222,4100,2022-08-14 13:40:00
126,28975222,4500,2022-08-14 13:45:00
126,28975222,4600,2022-08-14 13:50:00
126,28975222,4100,2022-08-14 13:55:00
126,28975222,4100,2022-08-14 14:00:00
126,28975222,4000,2022-08-14 14:05:00
126,28975222,4000,2022-08-14 14:10:00
126,28975222,4500,2022-08-14 14:15:00
126,28975222,4700,2022-08-14 14:20:00
126,28975222,4900,2022-08-14 14:25:00
126,28975222,4500,2022-08-14 14:30:00
126,28975222,4600,2022-08-14 14:35:00
126,28975222,4500,2022-08-14 14:40:00
126,28975222,4100,2022-08-14 14:45:00
126,28975222,4400,2022-08-14 14:50:00
126,28975222,4300,2022-08-14 14:55:00
126,28975222,4300,2022-08-14 15:00:00
126,28975222,4400,2022-08-14 15:05:00
126,28975222,4300,2022-08-14 15:10:00
126,28975222,4400,2022-08-14 15:15:00
126,28975222,4500,2022-08-14 15:20:00
126,28975222,4900,2022-08-14 15:25:00
126,28975222,4700,2022-08-14 15:30:00
126,28975222,4700,2022-08-14 15:35:00
126,28975222,4700,2022-08-14 15:40:00
126,28975222,4700,2022-08-14 15:45:00
126,28975222,4300,2022-08-14 15:50:00
126,28975222,4400,2022-08-14 15:55:00
126,28975222,4500,2022-08-14 16:00:00
126,28975222,4600,2022-08-14 16:05:00
126,28975222,4400,2022-08-14 16:10:00
126,28975222,4200,2022-08-14 16:15:00
126,28975222,4300,2022-08-14 16:20:00
126,28975222,4600,2022-08-14 16:25:00
126,28975222,4500,2022-08-14 16:30:00
126,28975222,4800,2022-08-14 16:35:00
126,28975222,4700,2022-08-14 16:40:00
126,28975222,5000,2022-08-14 16:45:00
126,28975222,4200,2022-08-14 16:50:00
126,28975222,3900,2022-08-14 16:55:00
126,28975222,3900,2022-08-14 17:00:00
126,28975222,4100,2022-08-14 17:05:00
126,28975222,3700,2022-08-14 17:10:00
126,28975222,3800,2022-08-14 17:15:00
126,28975222,3800,2022-08-14 17:20:00
126,28975222,4200,2022-08-14 17:25:00
126,28975222,4500,2022-08-14 17:30:00
126,28975222,4300,2022-08-14 17:35:00
126,28975222,4600,2022-08-14 17:40:00
126,28975222,4500,2022-08-14 17:45:00
126,28975222,4400,2022-08-14 17:50:00
126,28975222,4300,2022-08-14 17:55:00
126,28975222,4100,2022-08-14 18:00:00
126,28975222,4000,2022-08-14 18:05:00
126,28975222,8600,2022-08-14 18:10:00
126,28975222,4300,2022-08-14 18:15:00
126,28975222,3900,2022-08-14 18:20:00
126,28975222,4000,2022-08-14 18:25:00
126,28975222,4300,2022-08-14 18:30:00
126,28975222,4300,2022-08-14 18:35:00
126,28975222,4500,2022-08-14 18:40:00
126,28975222,4600,2022-08-14 18:45:00
126,28975222,4500,2022-08-14 18:50:00
126,28975222,4100,2022-08-14 18:55:00
126,28975222,3900,2022-08-14 19:00:00
126,28975222,4000,2022-08-14 19:05:00
126,28975222,3800,2022-08-14 19:10:00
126,28975222,3900,2022-08-14 19:15:00
126,28975222,4000,2022-08-14 19:20:00
126,28975222,4200,2022-08-14 19:25:00
126,28975222,4300,2022-08-14 19:30:00
126,28975222,4300,2022-08-14 19:35:00
126,28975222,3900,2022-08-14 19:40:00
126,28975222,3900,2022-08-14 19:45:00
126,28975222,3900,2022-08-14 19:50:00
126,28975222,4100,2022-08-14 19:55:00
126,28975222,3800,2022-08-14 20:00:00
126,28975222,3700,2022-08-14 20:05:00
126,28975222,3700,2022-08-14 20:10:00
126,28975222,4000,2022-08-14 20:15:00
126,28975222,3900,2022-08-14 20:20:00
126,28975222,3900,2022-08-14 20:25:00
126,28975222,4500,2022-08-14 20:30:00
126,28975222,4600,2022-08-14 20:35:00
126,28975222,4600,2022-08-14 20:40:00
126,28975222,4200,2022-08-14 20:45:00
126,28975222,4200,2022-08-14 20:50:00
126,28975222,4100,2022-08-14 20:55:00
126,28975222,4200,2022-08-14 21:00:00
126,28975222,4200,2022-08-14 21:05:00
126,28975222,14700,2022-08-14 21:10:00
126,28975222,5100,2022-08-14 21:15:00
126,28975222,4800,2022-08-14 21:20:00
126,28975222,5000,2022-08-14 21:25:00
126,28975222,4800,2022-08-14 21:30:00
126,28975222,4800,2022-08-14 21:35:00
126,28975222,5100,2022-08-14 21:40:00
126,28975222,5000,2022-08-14 21:45:00
126,28975222,5300,2022-08-14 21:50:00
126,28975222,4800,2022-08-14 21:55:00
126,28975222,5000,2022-08-14 22:00:00
126,28975222,4600,2022-08-14 22:05:00
126,28975222,5100,2022-08-14 22:10:00
126,28975222,4900,2022-08-14 22:15:00
126,28975222,4900,2022-08-14 22:20:00
126,28975222,4700,2022-08-14 22:25:00
126,28975224,21600,2022-08-14 22:30:00
126,28975385,18800,2022-08-14 22:35:00
126,28975541,18800,2022-08-14 22:40:00
126,28975695,18900,2022-08-14 22:45:00
126,28975852,19000,2022-08-14 22:50:00
126,28976008,18800,2022-08-14 22:55:00
126,28976162,18200,2022-08-14 23:00:00
126,28976311,17800,2022-08-14 23:05:00
126,28976459,17900,2022-08-14 23:10:00
126,28976606,17800,2022-08-14 23:15:00
126,28976758,18400,2022-08-14 23:20:00
126,28976910,18600,2022-08-14 23:25:00
126,28977064,18500,2022-08-14 23:30:00
126,28977218,18700,2022-08-14 23:35:00
126,28977372,18600,2022-08-14 23:40:00
126,28977442,3900,2022-08-14 23:45:00
126,28977467,3900,2022-08-14 23:50:00
126,28977491,3900,2022-08-14 23:55:00
126,28977516,4100,2022-08-15 00:00:00
126,28977540,3900,2022-08-15 00:05:00
126,28977567,3900,2022-08-15 00:10:00
126,28977593,3900,2022-08-15 00:15:00
126,28977619,3900,2022-08-15 00:20:00
126,28977644,3800,2022-08-15 00:25:00
126,28977669,3800,2022-08-15 00:30:00
126,28977695,4400,2022-08-15 00:35:00
126,28977727,4400,2022-08-15 00:40:00
126,28977757,3800,2022-08-15 00:45:00
126,28977784,3800,2022-08-15 00:50:00
126,28977810,3800,2022-08-15 00:55:00
126,28977837,3800,2022-08-15 01:00:00
126,28977861,3500,2022-08-15 01:05:00
126,28977884,3800,2022-08-15 01:10:00
126,28977910,3700,2022-08-15 01:15:00
126,28977934,3500,2022-08-15 01:20:00
126,28977956,3600,2022-08-15 01:25:00
126,28977979,3500,2022-08-15 01:30:00
126,28978001,3500,2022-08-15 01:35:00
126,28978027,4200,2022-08-15 01:40:00
126,28978056,4100,2022-08-15 01:45:00
126,28978088,4300,2022-08-15 01:50:00
126,28978119,4400,2022-08-15 01:55:00
126,28978149,4300,2022-08-15 02:00:00
126,28978176,3900,2022-08-15 02:05:00
126,28978197,3700,2022-08-15 02:10:00
126,28978218,3700,2022-08-15 02:15:00
126,28978238,3700,2022-08-15 02:20:00
126,28978262,3900,2022-08-15 02:25:00
126,28978284,3700,2022-08-15 02:30:00
126,28978306,4100,2022-08-15 02:35:00
126,28978331,4300,2022-08-15 02:40:00
126,28978358,3900,2022-08-15 02:45:00
126,28978383,3900,2022-08-15 02:50:00
126,28978407,3900,2022-08-15 02:55:00
126,28978434,4200,2022-08-15 03:00:00
126,28978461,3900,2022-08-15 03:05:00
126,28978484,3700,2022-08-15 03:10:00
126,28978505,3700,2022-08-15 03:15:00
126,28978525,3700,2022-08-15 03:20:00
126,28978545,3700,2022-08-15 03:25:00
126,28978568,4100,2022-08-15 03:30:00
126,28978598,4600,2022-08-15 03:35:00
126,28978626,3900,2022-08-15 03:40:00
126,28978654,4100,2022-08-15 03:45:00
126,28978683,4100,2022-08-15 03:50:00
126,28978712,4000,2022-08-15 03:55:00
126,28978741,4100,2022-08-15 04:00:00
126,28978806,18000,2022-08-15 04:05:00
126,28978952,18200,2022-08-15 04:10:00
126,28979097,17100,2022-08-15 04:15:00
126,28979238,16300,2022-08-15 04:20:00
126,28979374,16000,2022-08-15 04:25:00
126,28979508,15600,2022-08-15 04:30:00
126,28979641,15600,2022-08-15 04:35:00
126,28979775,16000,2022-08-15 04:40:00
126,28979882,4500,2022-08-15 04:45:00
126,28979920,4800,2022-08-15 04:50:00
126,28979956,4100,2022-08-15 04:55:00
126,28979988,4000,2022-08-15 05:00:00
126,28980020,4100,2022-08-15 05:05:00
126,28980054,4500,2022-08-15 05:10:00
126,28980087,4200,2022-08-15 05:15:00
126,28980118,4500,2022-08-15 05:20:00
126,28980148,4200,2022-08-15 05:25:00
126,28980176,3700,2022-08-15 05:30:00
126,28980202,3800,2022-08-15 05:35:00
126,28980228,4000,2022-08-15 05:40:00
126,28980256,3900,2022-08-15 05:45:00
126,28980284,4300,2022-08-15 05:50:00
126,28980315,4100,2022-08-15 05:55:00
126,28980350,4100,2022-08-15 06:00:00
126,28980384,6900,2022-08-15 06:05:00
126,28980411,3800,2022-08-15 06:10:00
126,28980439,3900,2022-08-15 06:15:00
126,28980474,4400,2022-08-15 06:20:00
126,28980497,3700,2022-08-15 06:25:00
126,28980517,3700,2022-08-15 06:30:00
126,28980517,3800,2022-08-15 06:35:00
126,28980517,3700,2022-08-15 06:40:00
126,28980517,3700,2022-08-15 06:45:00
126,28980517,3600,2022-08-15 06:50:00
126,28980517,3900,2022-08-15 06:55:00
126,28980517,4200,2022-08-15 07:00:00
126,28980517,4100,2022-08-15 07:05:00
126,28980517,4400,2022-08-15 07:10:00
126,28980517,4300,2022-08-15 07:15:00
126,28980517,4200,2022-08-15 07:20:00
126,28980517,4200,2022-08-15 07:25:00
126,28980517,4200,2022-08-15 07:30:00
126,28980517,4100,2022-08-15 07:35:00
126,28980517,4100,2022-08-15 07:40:01
126,28980517,4300,2022-08-15 07:45:00
126,28980517,3900,2022-08-15 07:50:00
126,28980517,3700,2022-08-15 07:55:00
126,28980517,4600,2022-08-15 08:00:00
126,28980517,4500,2022-08-15 08:05:00
126,28980517,4000,2022-08-15 08:10:00
126,28980517,4000,2022-08-15 08:15:00
126,28980517,4700,2022-08-15 08:20:00
126,28980517,4300,2022-08-15 08:25:00
126,28980517,3700,2022-08-15 08:30:00
126,28980517,3700,2022-08-15 08:35:00
126,28980517,4000,2022-08-15 08:40:00
126,28980517,4000,2022-08-15 08:45:00
126,28980517,3600,2022-08-15 08:50:00
126,28980517,4000,2022-08-15 08:55:00
126,28980517,4200,2022-08-15 09:00:00
126,28980517,4200,2022-08-15 09:05:00
126,28980517,4300,2022-08-15 09:10:00
126,28980517,4200,2022-08-15 09:15:00
126,28980517,4200,2022-08-15 09:20:00
126,28980517,4200,2022-08-15 09:25:00
126,28980517,4000,2022-08-15 09:30:00
126,28980517,4200,2022-08-15 09:35:00
126,28980517,3600,2022-08-15 09:40:00
126,28980517,3600,2022-08-15 09:45:00
126,28980517,4000,2022-08-15 09:50:00
126,28980517,4000,2022-08-15 09:55:00
126,28980517,4000,2022-08-15 10:00:00
126,28980517,3700,2022-08-15 10:05:00
126,28980517,4000,2022-08-15 10:10:00
126,28980517,4600,2022-08-15 10:15:00
126,28980517,4300,2022-08-15 10:20:00
126,28980517,4200,2022-08-15 10:25:00
126,28980517,4400,2022-08-15 10:30:00
126,28980517,3900,2022-08-15 10:35:00
126,28980517,3900,2022-08-15 10:40:00
126,28980517,4200,2022-08-15 10:45:00
126,28980517,4100,2022-08-15 10:50:00
126,28980517,3900,2022-08-15 10:55:00
126,28980517,3900,2022-08-15 11:00:00
126,28980517,3900,2022-08-15 11:05:00
126,28980517,4200,2022-08-15 11:10:00
126,28980517,4200,2022-08-15 11:15:00
126,28980517,4000,2022-08-15 11:20:00
126,28980517,3900,2022-08-15 11:25:00
126,28980517,3700,2022-08-15 11:30:00
126,28980517,3700,2022-08-15 11:35:00
126,28980517,3400,2022-08-15 11:40:00
126,28980517,3400,2022-08-15 11:45:00
126,28980517,3900,2022-08-15 11:50:00
126,28980517,4100,2022-08-15 11:55:00
126,28980517,3700,2022-08-15 12:00:00
126,28980517,3500,2022-08-15 12:05:00
126,28980517,3500,2022-08-15 12:10:00
126,28980517,3500,2022-08-15 12:15:00
126,28980517,3700,2022-08-15 12:20:00
126,28980517,4200,2022-08-15 12:25:00
126,28980517,4400,2022-08-15 12:30:00
126,28980517,4300,2022-08-15 12:35:00
126,28980517,3700,2022-08-15 12:40:00
126,28980517,3700,2022-08-15 12:45:00
126,28980517,3400,2022-08-15 12:50:00
126,28980517,10800,2022-08-15 12:55:00
126,28980517,3900,2022-08-15 13:00:00
126,28980517,5100,2022-08-15 13:05:00
126,28980517,5000,2022-08-15 13:10:00
126,28980517,4900,2022-08-15 13:15:00
126,28980517,4400,2022-08-15 13:20:00
126,28980517,4700,2022-08-15 13:25:00
126,28980517,4300,2022-08-15 13:30:00
126,28980517,4400,2022-08-15 13:35:00
126,28980517,5000,2022-08-15 13:40:00
126,28980517,4400,2022-08-15 13:45:00
126,28980517,4300,2022-08-15 13:50:00
126,28980517,4100,2022-08-15 13:55:00
126,28980517,3900,2022-08-15 14:00:00
126,28980517,4000,2022-08-15 14:05:00
126,28980517,7700,2022-08-15 14:10:00
126,28980517,12500,2022-08-15 14:15:00
126,28980517,6200,2022-08-15 14:20:00
126,28980517,4100,2022-08-15 14:25:00
126,28980517,4500,2022-08-15 14:30:00
126,28980517,4000,2022-08-15 14:35:00
126,28980517,4000,2022-08-15 14:40:00
126,28980517,4500,2022-08-15 14:45:00
126,28980517,4400,2022-08-15 14:50:00
126,28980517,4200,2022-08-15 14:55:00
126,28980517,3900,2022-08-15 15:00:00
126,28980517,4100,2022-08-15 15:05:00
126,28980517,3800,2022-08-15 15:10:00
126,28980517,4000,2022-08-15 15:15:00
126,28980517,4300,2022-08-15 15:20:00
126,28980517,4100,2022-08-15 15:25:00
126,28980517,4500,2022-08-15 15:30:00
126,28980517,4700,2022-08-15 15:35:00
126,28980517,4600,2022-08-15 15:40:00
126,28980517,4600,2022-08-15 15:45:00
126,28980517,4500,2022-08-15 15:50:00
126,28980517,4400,2022-08-15 15:55:00
126,28980517,4500,2022-08-15 16:00:00
126,28980517,4500,2022-08-15 16:05:00
126,28980517,4400,2022-08-15 16:10:00
126,28980517,4300,2022-08-15 16:15:00
126,28980517,4100,2022-08-15 16:20:00
126,28980517,4300,2022-08-15 16:25:00
126,28980517,4300,2022-08-15 16:30:00
126,28980517,4200,2022-08-15 16:35:00
126,28980517,4900,2022-08-15 16:40:00
126,28980517,4900,2022-08-15 16:45:00
126,28980517,4700,2022-08-15 16:50:00
126,28980517,4200,2022-08-15 16:55:00
126,28980517,12700,2022-08-15 17:00:00
126,28980517,4200,2022-08-15 17:05:01
126,28980517,3800,2022-08-15 17:10:00
126,28980517,4200,2022-08-15 17:15:00
126,28980517,4100,2022-08-15 17:20:00
126,28980517,3800,2022-08-15 17:25:00
126,28980517,3800,2022-08-15 17:30:00
126,28980517,3800,2022-08-15 17:35:00
126,28980517,3900,2022-08-15 17:40:00
126,28980517,4100,2022-08-15 17:45:00
126,28980517,4400,2022-08-15 17:50:01
126,28980517,4300,2022-08-15 17:55:00
126,28980517,4000,2022-08-15 18:00:00
126,28980517,4100,2022-08-15 18:05:00
126,28980517,4000,2022-08-15 18:10:00
126,28980517,3800,2022-08-15 18:15:00
126,28980517,3900,2022-08-15 18:20:00
126,28980517,4000,2022-08-15 18:25:00
126,28980517,3900,2022-08-15 18:30:00
126,28980517,3800,2022-08-15 18:35:00