DeviceRowID,Temperature,Chill,Humidity,Barometer,DewPoint,SetPoint,Date
953,25.78,0,0,0,0,0,2022-08-09 12:50:00
953,25.74,0,0,0,0,0,2022-08-09 12:55:00
953,25.78,0,0,0,0,0,2022-08-09 13:00:00
953,25.76,0,0,0,0,0,2022-08-09 13:05:00
953,25.89,0,0,0,0,0,2022-08-09 13:10:00
953,25.9,0,0,0,0,0,2022-08-09 13:15:00
953,25.91,0,0,0,0,0,2022-08-09 13:20:00
953,25.97,0,0,0,0,0,2022-08-09 13:25:00
953,25.97,0,0,0,0,0,2022-08-09 13:30:00
953,25.98,0,0,0,0,0,2022-08-09 13:35:00
953,26.01,0,0,0,0,0,2022-08-09 13:40:00
953,26.11,0,0,0,0,0,2022-08-09 13:45:00
953,26.09,0,0,0,0,0,2022-08-09 13:50:00
953,26.2,0,0,0,0,0,2022-08-09 13:55:00
953,26.22,0,0,0,0,0,2022-08-09 14:00:00
953,26.2,0,0,0,0,0,2022-08-09 14:05:00
953,26.34,0,0,0,0,0,2022-08-09 14:10:00
953,26.27,0,0,0,0,0,2022-08-09 14:15:00
953,26.37,0,0,0,0,0,2022-08-09 14:20:00
953,26.35,0,0,0,0,0,2022-08-09 14:25:00
953,26.4,0,0,0,0,0,2022-08-09 14:30:00
953,26.4,0,0,0,0,0,2022-08-09 14:35:00
953,26.43,0,0,0,0,0,2022-08-09 14:40:00
953,26.56,0,0,0,0,0,2022-08-09 14:45:00
953,26.6,0,0,0,0,0,2022-08-09 14:50:00
953,26.67,0,0,0,0,0,2022-08-09 14:55:00
953,26.53,0,0,0,0,0,2022-08-09 15:00:00
953,26.67,0,0,0,0,0,2022-08-09 15:05:00
953,26.64,0,0,0,0,0,2022-08-09 15:10:00
953,26.68,0,0,0,0,0,2022-08-09 15:15:00
953,26.68,0,0,0,0,0,2022-08-09 15:20:00
953,26.71,0,0,0,0,0,2022-08-09 15:25:00
953,26.76,0,0,0,0,0,2022-08-09 15:30:00
953,26.81,0,0,0,0,0,2022-08-09 15:35:00
953,26.84,0,0,0,0,0,2022-08-09 15:40:00
953,26.84,0,0,0,0,0,2022-08-09 15:45:00
953,26.91,0,0,0,0,0,2022-08-09 15:50:00
953,26.94,0,0,0,0,0,2022-08-09 15:55:00
953,26.96,0,0,0,0,0,2022-08-09 16:00:00
953,26.91,0,0,0,0,0,2022-08-09 16:05:00
953,26.9,0,0,0,0,0,2022-08-09 16:10:00
953,27.05,0,0,0,0,0,2022-08-09 16:15:00
953,27.08,0,0,0,0,0,2022-08-09 16:20:00
953,27.11,0,0,0,0,0,2022-08-09 16:25:00
953,27.09,0,0,0,0,0,2022-08-09 16:30:00
953,27.15,0,0,0,0,0,2022-08-09 16:35:00
953,27.09,0,0,0,0,0,2022-08-09 16:40:00
953,27.13,0,0,0,0,0,2022-08-09 16:45:00
953,27.2,0,0,0,0,0,2022-08-09 16:50:00
953,27.24,0,0,0,0,0,2022-08-09 16:55:00
953,27.24,0,0,0,0,0,2022-08-09 17:00:00
953,27.33,0,0,0,0,0,2022-08-09 17:05:00
953,27.34,0,0,0,0,0,2022-08-09 17:10:00
953,27.27,0,0,0,0,0,2022-08-09 17:15:00
953,27.31,0,0,0,0,0,2022-08-09 17:20:00
953,27.33,0,0,0,0,0,2022-08-09 17:25:00
953,27.38,0,0,0,0,0,2022-08-09 17:30:00
953,27.4,0,0,0,0,0,2022-08-09 17:35:00
953,27.43,0,0,0,0,0,2022-08-09 17:40:00
953,27.5,0,0,0,0,0,2022-08-09 17:45:00
953,27.53,0,0,0,0,0,2022-08-09 17:50:00
953,27.53,0,0,0,0,0,2022-08-09 17:55:00
953,27.53,0,0,0,0,0,2022-08-09 18:00:00
953,27.5,0,0,0,0,0,2022-08-09 18:05:00
953,27.52,0,0,0,0,0,2022-08-09 18:10:00
953,27.5,0,0,0,0,0,2022-08-09 18:15:00
953,27.57,0,0,0,0,0,2022-08-09 18:20:00
953,27.46,0,0,0,0,0,2022-08-09 18:25:00
953,27.67,0,0,0,0,0,2022-08-09 18:30:00
953,27.68,0,0,0,0,0,2022-08-09 18:35:00
953,27.73,0,0,0,0,0,2022-08-09 18:40:00
953,27.65,0,0,0,0,0,2022-08-09 18:45:00
953,27.64,0,0,0,0,0,2022-08-09 18:50:00
953,27.58,0,0,0,0,0,2022-08-09 18:55:00
953,27.68,0,0,0,0,0,2022-08-09 19:00:00
953,27.75,0,0,0,0,0,2022-08-09 19:05:00
953,27.62,0,0,0,0,0,2022-08-09 19:10:00
953,27.75,0,0,0,0,0,2022-08-09 19:15:00
953,27.82,0,0,0,0,0,2022-08-09 19:20:00
953,27.8,0,0,0,0,0,2022-08-09 19:25:00
953,27.65,0,0,0,0,0,2022-08-09 19:30:00
953,27.7,0,0,0,0,0,2022-08-09 19:35:00
953,27.76,0,0,0,0,0,2022-08-09 19:40:00
953,27.77,0,0,0,0,0,2022-08-09 19:45:00
953,27.8,0,0,0,0,0,2022-08-09 19:50:00
953,27.77,0,0,0,0,0,2022-08-09 19:55:00
953,27.76,0,0,0,0,0,2022-08-09 20:00:00
953,27.9,0,0,0,0,0,2022-08-09 20:05:00
953,27.79,0,0,0,0,0,2022-08-09 20:10:00
953,27.75,0,0,0,0,0,2022-08-09 20:15:00
953,27.76,0,0,0,0,0,2022-08-09 20:20:00
953,27.8,0,0,0,0,0,2022-08-09 20:25:00
953,27.76,0,0,0,0,0,2022-08-09 20:30:00
953,27.77,0,0,0,0,0,2022-08-09 20:35:00
953,27.86,0,0,0,0,0,2022-08-09 20:40:00
953,27.77,0,0,0,0,0,2022-08-09 20:45:00
953,27.85,0,0,0,0,0,2022-08-09 20:50:00
953,27.82,0,0,0,0,0,2022-08-09 20:55:00
953,27.95,0,0,0,0,0,2022-08-09 21:00:00
953,27.94,0,0,0,0,0,2022-08-09 21:05:00
953,27.87,0,0,0,0,0,2022-08-09 21:10:00
953,27.89,0,0,0,0,0,2022-08-09 21:15:00
953,27.95,0,0,0,0,0,2022-08-09 21:20:00
953,27.85,0,0,0,0,0,2022-08-09 21:25:00
953,27.86,0,0,0,0,0,2022-08-09 21:30:00
953,27.83,0,0,0,0,0,2022-08-09 21:35:00
953,27.82,0,0,0,0,0,2022-08-09 21:40:00
953,27.92,0,0,0,0,0,2022-08-09 21:45:00
953,27.76,0,0,0,0,0,2022-08-09 21:50:00
953,27.76,0,0,0,0,0,2022-08-09 21:55:00
953,27.67,0,0,0,0,0,2022-08-09 22:00:00
953,27.71,0,0,0,0,0,2022-08-09 22:05:00
953,27.67,0,0,0,0,0,2022-08-09 22:10:00
953,27.76,0,0,0,0,0,2022-08-09 22:15:00
953,27.68,0,0,0,0,0,2022-08-09 22:20:00
953,27.68,0,0,0,0,0,2022-08-09 22:25:00
953,27.57,0,0,0,0,0,2022-08-09 22:30:00
953,27.55,0,0,0,0,0,2022-08-09 22:35:00
953,27.55,0,0,0,0,0,2022-08-09 22:40:00
953,27.62,0,0,0,0,0,2022-08-09 22:45:00
953,27.6,0,0,0,0,0,2022-08-09 22:50:00
953,27.5,0,0,0,0,0,2022-08-09 22:55:00
953,27.43,0,0,0,0,0,2022-08-09 23:00:00
953,27.52,0,0,0,0,0,2022-08-09 23:05:00
953,27.45,0,0,0,0,0,2022-08-09 23:10:00
953,27.38,0,0,0,0,0,2022-08-09 23:15:00
953,27.38,0,0,0,0,0,2022-08-09 23:20:00
953,27.35,0,0,0,0,0,2022-08-09 23:25:00
953,27.43,0,0,0,0,0,2022-08-09 23:30:00
953,27.46,0,0,0,0,0,2022-08-09 23:35:00
953,27.39,0,0,0,0,0,2022-08-09 23:40:00
953,27.39,0,0,0,0,0,2022-08-09 23:45:00
953,27.33,0,0,0,0,0,2022-08-09 23:50:00
953,27.3,0,0,0,0,0,2022-08-09 23:55:00
953,27.34,0,0,0,0,0,2022-08-10 00:00:00
953,27.33,0,0,0,0,0,2022-08-10 00:05:00
953,27.11,0,0,0,0,0,2022-08-10 00:10:00
953,27.21,0,0,0,0,0,2022-08-10 00:15:00
953,27.23,0,0,0,0,0,2022-08-10 00:20:00
953,27.2,0,0,0,0,0,2022-08-10 00:25:00
953,27.12,0,0,0,0,0,2022-08-10 00:30:00
953,27.15,0,0,0,0,0,2022-08-10 00:35:00
953,27.06,0,0,0,0,0,2022-08-10 00:40:00
953,27.06,0,0,0,0,0,2022-08-10 00:45:00
953,27.09,0,0,0,0,0,2022-08-10 00:50:01
953,27.02,0,0,0,0,0,2022-08-10 00:55:00
953,27.06,0,0,0,0,0,2022-08-10 01:00:00
953,26.98,0,0,0,0,0,2022-08-10 01:05:00
953,26.98,0,0,0,0,0,2022-08-10 01:10:00
953,26.91,0,0,0,0,0,2022-08-10 01:15:00
953,26.9,0,0,0,0,0,2022-08-10 01:20:00
953,26.9,0,0,0,0,0,2022-08-10 01:25:00
953,26.88,0,0,0,0,0,2022-08-10 01:30:00
953,26.84,0,0,0,0,0,2022-08-10 01:35:00
953,26.83,0,0,0,0,0,2022-08-10 01:40:00
953,26.79,0,0,0,0,0,2022-08-10 01:45:00
953,26.78,0,0,0,0,0,2022-08-10 01:50:00
953,26.72,0,0,0,0,0,2022-08-10 01:55:00
953,26.68,0,0,0,0,0,2022-08-10 02:00:00
953,26.75,0,0,0,0,0,2022-08-10 02:05:00
953,26.64,0,0,0,0,0,2022-08-10 02:10:00
953,26.59,0,0,0,0,0,2022-08-10 02:15:00
953,26.63,0,0,0,0,0,2022-08-10 02:20:00
953,26.58,0,0,0,0,0,2022-08-10 02:25:00
953,26.52,0,0,0,0,0,2022-08-10 02:30:00
953,26.52,0,0,0,0,0,2022-08-10 02:35:00
953,26.52,0,0,0,0,0,2022-08-10 02:40:00
953,26.46,0,0,0,0,0,2022-08-10 02:45:00
953,26.49,0,0,0,0,0,2022-08-10 02:50:00
953,26.4,0,0,0,0,0,2022-08-10 02:55:00
953,26.41,0,0,0,0,0,2022-08-10 03:00:00
953,26.37,0,0,0,0,0,2022-08-10 03:05:00
953,26.35,0,0,0,0,0,2022-08-10 03:10:00
953,26.26,0,0,0,0,0,2022-08-10 03:15:00
953,26.33,0,0,0,0,0,2022-08-10 03:20:01
953,26.26,0,0,0,0,0,2022-08-10 03:25:00
953,26.18,0,0,0,0,0,2022-08-10 03:30:00
953,26.2,0,0,0,0,0,2022-08-10 03:35:00
953,26.22,0,0,0,0,0,2022-08-10 03:40:00
953,26.27,0,0,0,0,0,2022-08-10 03:45:00
953,26.2,0,0,0,0,0,2022-08-10 03:50:00
953,26.2,0,0,0,0,0,2022-08-10 03:55:00
953,26.08,0,0,0,0,0,2022-08-10 04:00:00
953,26.08,0,0,0,0,0,2022-08-10 04:05:00
953,26.01,0,0,0,0,0,2022-08-10 04:10:00
953,25.98,0,0,0,0,0,2022-08-10 04:15:00
953,26.03,0,0,0,0,0,2022-08-10 04:20:00
953,26.01,0,0,0,0,0,2022-08-10 04:25:00
953,25.98,0,0,0,0,0,2022-08-10 04:30:00
953,25.97,0,0,0,0,0,2022-08-10 04:35:00
953,25.89,0,0,0,0,0,2022-08-10 04:40:01
953,25.97,0,0,0,0,0,2022-08-10 04:45:00
953,25.89,0,0,0,0,0,2022-08-10 04:50:00
953,25.82,0,0,0,0,0,2022-08-10 04:55:00
953,25.79,0,0,0,0,0,2022-08-10 05:00:00
953,25.81,0,0,0,0,0,2022-08-10 05:05:00
953,25.74,0,0,0,0,0,2022-08-10 05:10:00
953,25.76,0,0,0,0,0,2022-08-10 05:15:00
953,25.72,0,0,0,0,0,2022-08-10 05:20:00
953,25.66,0,0,0,0,0,2022-08-10 05:25:00
953,25.63,0,0,0,0,0,2022-08-10 05:30:00
953,25.63,0,0,0,0,0,2022-08-10 05:35:00
953,25.61,0,0,0,0,0,2022-08-10 05:40:00
953,25.6,0,0,0,0,0,2022-08-10 05:45:00
953,25.54,0,0,0,0,0,2022-08-10 05:50:00
953,25.49,0,0,0,0,0,2022-08-10 05:55:00
953,25.49,0,0,0,0,0,2022-08-10 06:00:00
953,25.34,0,0,0,0,0,2022-08-10 06:05:00
953,25.25,0,0,0,0,0,2022-08-10 06:10:00
953,25.19,0,0,0,0,0,2022-08-10 06:15:00
953,25.11,0,0,0,0,0,2022-08-10 06:20:00
953,25.04,0,0,0,0,0,2022-08-10 06:25:00
953,25.03,0,0,0,0,0,2022-08-10 06:30:00
953,24.88,0,0,0,0,0,2022-08-10 06:35:00
953,24.83,0,0,0,0,0,2022-08-10 06:40:00
953,24.79,0,0,0,0,0,2022-08-10 06:45:00
953,24.6,0,0,0,0,0,2022-08-10 06:50:00
953,24.61,0,0,0,0,0,2022-08-10 06:55:00
953,24.61,0,0,0,0,0,2022-08-10 07:00:00
953,24.71,0,0,0,0,0,2022-08-10 07:05:00
953,24.7,0,0,0,0,0,2022-08-10 07:10:00
953,24.79,0,0,0,0,0,2022-08-10 07:15:00
953,24.7,0,0,0,0,0,2022-08-10 07:20:00
953,24.63,0,0,0,0,0,2022-08-10 07:25:00
953,24.67,0,0,0,0,0,2022-08-10 07:30:00
953,24.7,0,0,0,0,0,2022-08-10 07:35:00
953,24.7,0,0,0,0,0,2022-08-10 07:40:00
953,24.64,0,0,0,0,0,2022-08-10 07:45:00
953,24.6,0,0,0,0,0,2022-08-10 07:50:00
953,24.55,0,0,0,0,0,2022-08-10 07:55:00
953,24.64,0,0,0,0,0,2022-08-10 08:00:00
953,24.56,0,0,0,0,0,2022-08-10 08:05:00
953,24.51,0,0,0,0,0,2022-08-10 08:10:00
953,24.63,0,0,0,0,0,2022-08-10 08:15:00
953,24.55,0,0,0,0,0,2022-08-10 08:20:00
953,24.53,0,0,0,0,0,2022-08-10 08:25:00
953,24.63,0,0,0,0,0,2022-08-10 08:30:00
953,24.59,0,0,0,0,0,2022-08-10 08:35:00
953,24.66,0,0,0,0,0,2022-08-10 08:40:00
953,24.53,0,0,0,0,0,2022-08-10 08:45:00
953,24.63,0,0,0,0,0,2022-08-10 08:50:00
953,24.61,0,0,0,0,0,2022-08-10 08:55:00
953,24.61,0,0,0,0,0,2022-08-10 09:00:00
953,24.56,0,0,0,0,0,2022-08-10 09:05:00
953,24.61,0,0,0,0,0,2022-08-10 09:10:00
953,24.56,0,0,0,0,0,2022-08-10 09:15:00
953,24.64,0,0,0,0,0,2022-08-10 09:20:00
953,24.68,0,0,0,0,0,2022-08-10 09:25:00
953,24.61,0,0,0,0,0,2022-08-10 09:30:00
953,24.71,0,0,0,0,0,2022-08-10 09:35:00
953,24.71,0,0,0,0,0,2022-08-10 09:40:00
953,24.76,0,0,0,0,0,2022-08-10 09:45:00
953,24.7,0,0,0,0,0,2022-08-10 09:50:00
953,24.81,0,0,0,0,0,2022-08-10 09:55:00
953,24.7,0,0,0,0,0,2022-08-10 10:00:00
953,24.85,0,0,0,0,0,2022-08-10 10:05:00
953,24.83,0,0,0,0,0,2022-08-10 10:10:00
953,24.86,0,0,0,0,0,2022-08-10 10:15:00
953,24.88,0,0,0,0,0,2022-08-10 10:20:00
953,24.96,0,0,0,0,0,2022-08-10 10:25:00
953,25.01,0,0,0,0,0,2022-08-10 10:30:00
953,25,0,0,0,0,0,2022-08-10 10:35:00
953,25.03,0,0,0,0,0,2022-08-10 10:40:00
953,25.04,0,0,0,0,0,2022-08-10 10:45:00
953,25.07,0,0,0,0,0,2022-08-10 10:50:00
953,25.13,0,0,0,0,0,2022-08-10 10:55:00
953,25.25,0,0,0,0,0,2022-08-10 11:00:00
953,25.23,0,0,0,0,0,2022-08-10 11:05:00
953,25.35,0,0,0,0,0,2022-08-10 11:10:00
953,25.35,0,0,0,0,0,2022-08-10 11:15:00
953,25.41,0,0,0,0,0,2022-08-10 11:20:00
953,25.46,0,0,0,0,0,2022-08-10 11:25:00
953,25.39,0,0,0,0,0,2022-08-10 11:30:00
953,25.6,0,0,0,0,0,2022-08-10 11:35:00
953,25.6,0,0,0,0,0,2022-08-10 11:40:00
953,25.53,0,0,0,0,0,2022-08-10 11:45:00
953,25.64,0,0,0,0,0,2022-08-10 11:50:00
953,25.67,0,0,0,0,0,2022-08-10 11:55:00
953,25.66,0,0,0,0,0,2022-08-10 12:00:00
953,25.76,0,0,0,0,0,2022-08-10 12:05:00
953,25.85,0,0,0,0,0,2022-08-10 12:10:00
953,25.9,0,0,0,0,0,2022-08-10 12:15:00
953,25.96,0,0,0,0,0,2022-08-10 12:20:00
953,25.97,0,0,0,0,0,2022-08-10 12:25:00
953,26.08,0,0,0,0,0,2022-08-10 12:30:00
953,26,0,0,0,0,0,2022-08-10 12:35:00
953,26.11,0,0,0,0,0,2022-08-10 12:40:00
953,26.12,0,0,0,0,0,2022-08-10 12:45:00
953,26.2,0,0,0,0,0,2022-08-10 12:50:00
953,26.26,0,0,0,0,0,2022-08-10 12:55:00
953,26.23,0,0,0,0,0,2022-08-10 13:00:00
953,26.26,0,0,0,0,0,2022-08-10 13:05:00
953,26.34,0,0,0,0,0,2022-08-10 13:10:00
953,26.35,0,0,0,0,0,2022-08-10 13:15:00
953,26.35,0,0,0,0,0,2022-08-10 13:20:00
953,26.52,0,0,0,0,0,2022-08-10 13:25:00
953,26.52,0,0,0,0,0,2022-08-10 13:30:00
953,26.5,0,0,0,0,0,2022-08-10 13:35:00
953,26.58,0,0,0,0,0,2022-08-10 13:40:00
953,26.55,0,0,0,0,0,2022-08-10 13:45:00
953,26.58,0,0,0,0,0,2022-08-10 13:50:00
953,26.72,0,0,0,0,0,2022-08-10 13:55:00
953,26.68,0,0,0,0,0,2022-08-10 14:00:00
953,26.73,0,0,0,0,0,2022-08-10 14:05:00
953,26.84,0,0,0,0,0,2022-08-10 14:10:00
953,26.86,0,0,0,0,0,2022-08-10 14:15:00
953,26.87,0,0,0,0,0,2022-08-10 14:20:00
953,26.91,0,0,0,0,0,2022-08-10 14:25:00
953,26.98,0,0,0,0,0,2022-08-10 14:30:00
953,27.01,0,0,0,0,0,2022-08-10 14:35:00
953,26.98,0,0,0,0,0,2022-08-10 14:40:00
953,27.06,0,0,0,0,0,2022-08-10 14:45:00
953,27.08,0,0,0,0,0,2022-08-10 14:50:00
953,27.13,0,0,0,0,0,2022-08-10 14:55:00
953,27.21,0,0,0,0,0,2022-08-10 15:00:00
953,27.18,0,0,0,0,0,2022-08-10 15:05:00
953,27.18,0,0,0,0,0,2022-08-10 15:10:00
953,27.23,0,0,0,0,0,2022-08-10 15:15:00
953,27.21,0,0,0,0,0,2022-08-10 15:20:00
953,27.28,0,0,0,0,0,2022-08-10 15:25:00
953,27.27,0,0,0,0,0,2022-08-10 15:30:00
953,27.27,0,0,0,0,0,2022-08-10 15:35:00
953,27.38,0,0,0,0,0,2022-08-10 15:40:00
953,27.38,0,0,0,0,0,2022-08-10 15:45:00
953,27.42,0,0,0,0,0,2022-08-10 15:50:00
953,27.5,0,0,0,0,0,2022-08-10 15:55:00
953,27.53,0,0,0,0,0,2022-08-10 16:00:00
953,27.52,0,0,0,0,0,2022-08-10 16:05:00
953,27.48,0,0,0,0,0,2022-08-10 16:10:00
953,27.52,0,0,0,0,0,2022-08-10 16:15:00
953,27.61,0,0,0,0,0,2022-08-10 16:20:00
953,27.58,0,0,0,0,0,2022-08-10 16:25:00
953,27.7,0,0,0,0,0,2022-08-10 16:30:00
953,27.7,0,0,0,0,0,2022-08-10 16:35:00
953,27.64,0,0,0,0,0,2022-08-10 16:40:00
953,27.76,0,0,0,0,0,2022-08-10 16:45:00
953,27.76,0,0,0,0,0,2022-08-10 16:50:00
953,27.83,0,0,0,0,0,2022-08-10 16:55:00
953,27.77,0,0,0,0,0,2022-08-10 17:00:00
953,27.83,0,0,0,0,0,2022-08-10 17:05:00
953,27.77,0,0,0,0,0,2022-08-10 17:10:00
953,27.82,0,0,0,0,0,2022-08-10 17:15:00
953,27.83,0,0,0,0,0,2022-08-10 17:20:00
953,27.79,0,0,0,0,0,2022-08-10 17:25:00
953,27.85,0,0,0,0,0,2022-08-10 17:30:00
953,27.94,0,0,0,0,0,2022-08-10 17:35:00
953,27.97,0,0,0,0,0,2022-08-10 17:40:00
953,27.95,0,0,0,0,0,2022-08-10 17:45:00
953,28.01,0,0,0,0,0,2022-08-10 17:50:00
953,28.1,0,0,0,0,0,2022-08-10 17:55:00
953,28.02,0,0,0,0,0,2022-08-10 18:00:00
953,28.07,0,0,0,0,0,2022-08-10 18:05:00
953,28.04,0,0,0,0,0,2022-08-10 18:10:00
953,28.02,0,0,0,0,0,2022-08-10 18:15:00
953,28.08,0,0,0,0,0,2022-08-10 18:20:00
953,28.08,0,0,0,0,0,2022-08-10 18:25:00
953,28.2,0,0,0,0,0,2022-08-10 18:30:00
953,28.23,0,0,0,0,0,2022-08-10 18:35:00
953,28.18,0,0,0,0,0,2022-08-10 18:40:00
953,28.15,0,0,0,0,0,2022-08-10 18:45:00
953,28.23,0,0,0,0,0,2022-08-10 18:50:00
953,28.2,0,0,0,0,0,2022-08-10 18:55:00
953,28.21,0,0,0,0,0,2022-08-10 19:00:00
953,28.08,0,0,0,0,0,2022-08-10 19:05:00
953,28.23,0,0,0,0,0,2022-08-10 19:10:00
953,28.1,0,0,0,0,0,2022-08-10 19:15:00
953,28.33,0,0,0,0,0,2022-08-10 19:20:00
953,28.28,0,0,0,0,0,2022-08-10 19:25:00
953,28.23,0,0,0,0,0,2022-08-10 19:30:00
953,28.25,0,0,0,0,0,2022-08-10 19:35:00
953,28.23,0,0,0,0,0,2022-08-10 19:40:00
953,28.25,0,0,0,0,0,2022-08-10 19:45:00
953,28.33,0,0,0,0,0,2022-08-10 19:50:00
953,28.23,0,0,0,0,0,2022-08-10 19:55:00
953,28.3,0,0,0,0,0,2022-08-10 20:00:00
953,28.27,0,0,0,0,0,2022-08-10 20:05:00
953,28.33,0,0,0,0,0,2022-08-10 20:10:00
953,28.35,0,0,0,0,0,2022-08-10 20:15:00
953,28.6,0,0,0,0,0,2022-08-10 20:20:00
953,28.64,0,0,0,0,0,2022-08-10 20:25:00
953,28.72,0,0,0,0,0,2022-08-10 20:30:00
953,28.64,0,0,0,0,0,2022-08-10 20:35:00
953,28.69,0,0,0,0,0,2022-08-10 20:40:00
953,28.69,0,0,0,0,0,2022-08-10 20:45:00
953,28.72,0,0,0,0,0,2022-08-10 20:50:00
953,28.64,0,0,0,0,0,2022-08-10 20:55:00
953,28.62,0,0,0,0,0,2022-08-10 21:00:00
953,28.65,0,0,0,0,0,2022-08-10 21:05:00
953,28.61,0,0,0,0,0,2022-08-10 21:10:00
953,28.67,0,0,0,0,0,2022-08-10 21:15:00
953,28.58,0,0,0,0,0,2022-08-10 21:20:00
953,28.57,0,0,0,0,0,2022-08-10 21:25:00
953,28.61,0,0,0,0,0,2022-08-10 21:30:00
953,28.54,0,0,0,0,0,2022-08-10 21:35:00
953,28.45,0,0,0,0,0,2022-08-10 21:40:00
953,28.45,0,0,0,0,0,2022-08-10 21:45:00
953,28.4,0,0,0,0,0,2022-08-10 21:50:00
953,28.33,0,0,0,0,0,2022-08-10 21:55:00
953,28.35,0,0,0,0,0,2022-08-10 22:00:00
953,28.36,0,0,0,0,0,2022-08-10 22:05:00
953,28.3,0,0,0,0,0,2022-08-10 22:10:00
953,28.17,0,0,0,0,0,2022-08-10 22:15:00
953,28.13,0,0,0,0,0,2022-08-10 22:20:00
953,28.18,0,0,0,0,0,2022-08-10 22:25:00
953,28.13,0,0,0,0,0,2022-08-10 22:30:00
953,28.08,0,0,0,0,0,2022-08-10 22:35:00
953,28.07,0,0,0,0,0,2022-08-10 22:40:00
953,28.02,0,0,0,0,0,2022-08-10 22:45:00
953,28.01,0,0,0,0,0,2022-08-10 22:50:00
953,27.95,0,0,0,0,0,2022-08-10 22:55:00
953,27.73,0,0,0,0,0,2022-08-10 23:00:00
953,27.68,0,0,0,0,0,2022-08-10 23:05:00
953,27.89,0,0,0,0,0,2022-08-10 23:10:00
953,27.76,0,0,0,0,0,2022-08-10 23:15:00
953,27.79,0,0,0,0,0,2022-08-10 23:20:00
953,27.68,0,0,0,0,0,2022-08-10 23:25:00
953,27.62,0,0,0,0,0,2022-08-10 23:30:00
953,27.6,0,0,0,0,0,2022-08-10 23:35:00
953,27.62,0,0,0,0,0,2022-08-10 23:40:00
953,27.58,0,0,0,0,0,2022-08-10 23:45:00
953,27.58,0,0,0,0,0,2022-08-10 23:50:00
953,27.49,0,0,0,0,0,2022-08-10 23:55:00
953,27.52,0,0,0,0,0,2022-08-11 00:00:00
953,27.46,0,0,0,0,0,2022-08-11 00:05:00
953,27.45,0,0,0,0,0,2022-08-11 00:10:00
953,27.39,0,0,0,0,0,2022-08-11 00:15:00
953,27.35,0,0,0,0,0,2022-08-11 00:20:00
953,27.31,0,0,0,0,0,2022-08-11 00:25:00
953,27.33,0,0,0,0,0,2022-08-11 00:30:00
953,27.28,0,0,0,0,0,2022-08-11 00:35:00
953,27.16,0,0,0,0,0,2022-08-11 00:40:00
953,27.12,0,0,0,0,0,2022-08-11 00:45:00
953,27.2,0,0,0,0,0,2022-08-11 00:50:00
953,27.16,0,0,0,0,0,2022-08-11 00:55:00
953,27.2,0,0,0,0,0,2022-08-11 01:00:00
953,27.15,0,0,0,0,0,2022-08-11 01:05:00
953,27.16,0,0,0,0,0,2022-08-11 01:10:00
953,27.16,0,0,0,0,0,2022-08-11 01:15:00
953,27.16,0,0,0,0,0,2022-08-11 01:20:00
953,27.2,0,0,0,0,0,2022-08-11 01:25:00
953,27.08,0,0,0,0,0,2022-08-11 01:30:00
953,27.12,0,0,0,0,0,2022-08-11 01:35:00
953,27.13,0,0,0,0,0,2022-08-11 01:40:00
953,27.08,0,0,0,0,0,2022-08-11 01:45:00
953,27.06,0,0,0,0,0,2022-08-11 01:50:00
953,27.09,0,0,0,0,0,2022-08-11 01:55:00
953,26.98,0,0,0,0,0,2022-08-11 02:00:00
953,26.98,0,0,0,0,0,2022-08-11 02:05:00
953,26.94,0,0,0,0,0,2022-08-11 02:10:00
953,26.98,0,0,0,0,0,2022-08-11 02:15:00
953,27.01,0,0,0,0,0,2022-08-11 02:20:00
953,26.93,0,0,0,0,0,2022-08-11 02:25:00
953,26.98,0,0,0,0,0,2022-08-11 02:30:00
953,26.86,0,0,0,0,0,2022-08-11 02:35:00
953,26.83,0,0,0,0,0,2022-08-11 02:40:00
953,26.91,0,0,0,0,0,2022-08-11 02:45:00
953,26.87,0,0,0,0,0,2022-08-11 02:50:00
953,26.86,0,0,0,0,0,2022-08-11 02:55:00
953,26.81,0,0,0,0,0,2022-08-11 03:00:00
953,26.68,0,0,0,0,0,2022-08-11 03:05:00
953,26.76,0,0,0,0,0,2022-08-11 03:10:00
953,26.71,0,0,0,0,0,2022-08-11 03:15:00
953,26.73,0,0,0,0,0,2022-08-11 03:20:00
953,26.72,0,0,0,0,0,2022-08-11 03:25:00
953,26.75,0,0,0,0,0,2022-08-11 03:30:00
953,26.71,0,0,0,0,0,2022-08-11 03:35:00
953,26.71,0,0,0,0,0,2022-08-11 03:40:00
953,26.65,0,0,0,0,0,2022-08-11 03:45:00
953,26.73,0,0,0,0,0,2022-08-11 03:50:00
953,26.75,0,0,0,0,0,2022-08-11 03:55:00
953,26.67,0,0,0,0,0,2022-08-11 04:00:00
953,26.6,0,0,0,0,0,2022-08-11 04:05:00
953,26.6,0,0,0,0,0,2022-08-11 04:10:00
953,26.63,0,0,0,0,0,2022-08-11 04:15:00
953,26.59,0,0,0,0,0,2022-08-11 04:20:00
953,26.59,0,0,0,0,0,2022-08-11 04:25:00
953,26.52,0,0,0,0,0,2022-08-11 04:30:00
953,26.52,0,0,0,0,0,2022-08-11 04:35:00
953,26.56,0,0,0,0,0,2022-08-11 04:40:00
953,26.5,0,0,0,0,0,2022-08-11 04:45:00
953,26.53,0,0,0,0,0,2022-08-11 04:50:00
953,26.48,0,0,0,0,0,2022-08-11 04:55:00
953,26.41,0,0,0,0,0,2022-08-11 05:00:00
953,26.53,0,0,0,0,0,2022-08-11 05:05:00
953,26.37,0,0,0,0,0,2022-08-11 05:10:00
953,26.38,0,0,0,0,0,2022-08-11 05:15:00
953,26.48,0,0,0,0,0,2022-08-11 05:20:00
953,26.46,0,0,0,0,0,2022-08-11 05:25:00
953,26.3,0,0,0,0,0,2022-08-11 05:30:00
953,26.41,0,0,0,0,0,2022-08-11 05:35:00
953,26.4,0,0,0,0,0,2022-08-11 05:40:00
953,26.38,0,0,0,0,0,2022-08-11 05:45:00
953,26.4,0,0,0,0,0,2022-08-11 05:50:00
953,26.35,0,0,0,0,0,2022-08-11 05:55:00
953,26.3,0,0,0,0,0,2022-08-11 06:00:00
953,26.27,0,0,0,0,0,2022-08-11 06:05:00
953,26.2,0,0,0,0,0,2022-08-11 06:10:00
953,26.22,0,0,0,0,0,2022-08-11 06:15:00
953,26.13,0,0,0,0,0,2022-08-11 06:20:00
953,26.19,0,0,0,0,0,2022-08-11 06:25:00
953,26.06,0,0,0,0,0,2022-08-11 06:30:00
953,26.08,0,0,0,0,0,2022-08-11 06:35:00
953,26.11,0,0,0,0,0,2022-08-11 06:40:00
953,26.11,0,0,0,0,0,2022-08-11 06:45:00
953,26.08,0,0,0,0,0,2022-08-11 06:50:00
953,26.08,0,0,0,0,0,2022-08-11 06:55:00
953,26.08,0,0,0,0,0,2022-08-11 07:00:00
953,26.08,0,0,0,0,0,2022-08-11 07:05:00
953,26.08,0,0,0,0,0,2022-08-11 07:10:00
953,26.08,0,0,0,0,0,2022-08-11 07:15:00
953,26.08,0,0,0,0,0,2022-08-11 07:20:00
953,26.08,0,0,0,0,0,2022-08-11 07:25:00
953,26.08,0,0,0,0,0,2022-08-11 07:30:00
953,26.08,0,0,0,0,0,2022-08-11 07:35:00
953,26.08,0,0,0,0,0,2022-08-11 07:40:00
953,26.08,0,0,0,0,0,2022-08-11 07:45:00
953,26.08,0,0,0,0,0,2022-08-11 07:50:00
953,26.08,0,0,0,0,0,2022-08-11 07:55:00
953,26.08,0,0,0,0,0,2022-08-11 08:00:00
953,26.08,0,0,0,0,0,2022-08-11 08:05:00
953,26.08,0,0,0,0,0,2022-08-11 08:10:00
953,26.08,0,0,0,0,0,2022-08-11 08:15:00
953,26.08,0,0,0,0,0,2022-08-11 08:20:00
953,26.08,0,0,0,0,0,2022-08-11 08:25:00
953,26.08,0,0,0,0,0,2022-08-11 08:30:00
953,26.08,0,0,0,0,0,2022-08-11 08:35:00
953,26.08,0,0,0,0,0,2022-08-11 08:40:00
953,26.08,0,0,0,0,0,2022-08-11 08:45:00
953,26.08,0,0,0,0,0,2022-08-11 08:50:00
953,26.08,0,0,0,0,0,2022-08-11 08:55:00
953,26.08,0,0,0,0,0,2022-08-11 09:00:00
953,26.08,0,0,0,0,0,2022-08-11 09:05:00
953,26.08,0,0,0,0,0,2022-08-11 09:10:00
953,26.08,0,0,0,0,0,2022-08-11 09:15:00
953,26.08,0,0,0,0,0,2022-08-11 09:20:00
953,26.08,0,0,0,0,0,2022-08-11 09:25:00
953,26.08,0,0,0,0,0,2022-08-11 09:30:00
953,26.08,0,0,0,0,0,2022-08-11 09:35:00
953,26.08,0,0,0,0,0,2022-08-11 09:40:00
953,26.08,0,0,0,0,0,2022-08-11 09:45:00
953,26.08,0,0,0,0,0,2022-08-11 09:50:00
953,26.08,0,0,0,0,0,2022-08-11 09:55:00
953,26.08,0,0,0,0,0,2022-08-11 10:00:00
953,26.08,0,0,0,0,0,2022-08-11 10:05:00
953,26.08,0,0,0,0,0,2022-08-11 10:10:00
953,26.08,0,0,0,0,0,2022-08-11 10:15:00
953,26.08,0,0,0,0,0,2022-08-11 10:20:00
953,26.08,0,0,0,0,0,2022-08-11 10:25:00
953,26.08,0,0,0,0,0,2022-08-11 10:30:00
953,26.08,0,0,0,0,0,2022-08-11 10:35:00
953,26.08,0,0,0,0,0,2022-08-11 10:40:00
953,26.08,0,0,0,0,0,2022-08-11 10:45:00
953,26.08,0,0,0,0,0,2022-08-11 10:50:00
953,26.08,0,0,0,0,0,2022-08-11 10:55:00
953,26.08,0,0,0,0,0,2022-08-11 11:00:00
953,26.08,0,0,0,0,0,2022-08-11 11:05:00
953,26.08,0,0,0,0,0,2022-08-11 11:10:00
953,26.08,0,0,0,0,0,2022-08-11 11:15:00
953,26.08,0,0,0,0,0,2022-08-11 11:20:00
953,26.08,0,0,0,0,0,2022-08-11 11:25:00
953,26.08,0,0,0,0,0,2022-08-11 11:30:00
953,26.08,0,0,0,0,0,2022-08-11 11:35:00
953,26.08,0,0,0,0,0,2022-08-11 11:40:00
953,26.08,0,0,0,0,0,2022-08-11 11:45:00
953,26.08,0,0,0,0,0,2022-08-11 11:50:00
953,26.08,0,0,0,0,0,2022-08-11 11:55:00
953,26.08,0,0,0,0,0,2022-08-11 12:00:00
953,26.08,0,0,0,0,0,2022-08-11 12:05:00
953,26.08,0,0,0,0,0,2022-08-11 12:10:00
953,26.08,0,0,0,0,0,2022-08-11 12:15:00
953,26.08,0,0,0,0,0,2022-08-11 12:20:00
953,26.08,0,0,0,0,0,2022-08-11 12:25:00
953,26.08,0,0,0,0,0,2022-08-11 12:30:00
953,26.08,0,0,0,0,0,2022-08-11 12:35:00
953,26.08,0,0,0,0,0,2022-08-11 12:40:00
953,26.08,0,0,0,0,0,2022-08-11 12:45:00
953,26.08,0,0,0,0,0,2022-08-11 12:50:00
953,26.08,0,0,0,0,0,2022-08-11 12:55:00
953,26.08,0,0,0,0,0,2022-08-11 13:00:00
953,26.08,0,0,0,0,0,2022-08-11 13:05:00
953,26.08,0,0,0,0,0,2022-08-11 13:10:00
953,26.08,0,0,0,0,0,2022-08-11 13:15:00
953,26.08,0,0,0,0,0,2022-08-11 13:20:00
953,26.08,0,0,0,0,0,2022-08-11 13:25:00
953,26.08,0,0,0,0,0,2022-08-11 13:30:00
953,26.08,0,0,0,0,0,2022-08-11 13:35:00
953,26.08,0,0,0,0,0,2022-08-11 13:40:00
953,26.08,0,0,0,0,0,2022-08-11 13:45:00
953,26.08,0,0,0,0,0,2022-08-11 13:50:00
953,26.08,0,0,0,0,0,2022-08-11 13:55:00
953,26.08,0,0,0,0,0,2022-08-11 14:00:00
953,26.08,0,0,0,0,0,2022-08-11 14:05:00
953,26.08,0,0,0,0,0,2022-08-11 14:10:00
953,26.08,0,0,0,0,0,2022-08-11 14:15:00
953,26.08,0,0,0,0,0,2022-08-11 14:20:00
953,26.08,0,0,0,0,0,2022-08-11 14:25:00
953,26.08,0,0,0,0,0,2022-08-11 14:30:00
953,26.08,0,0,0,0,0,2022-08-11 14:35:00
953,26.08,0,0,0,0,0,2022-08-11 14:40:00
953,26.08,0,0,0,0,0,2022-08-11 14:45:00
953,26.08,0,0,0,0,0,2022-08-11 14:50:00
953,26.08,0,0,0,0,0,2022-08-11 14:55:00
953,26.08,0,0,0,0,0,2022-08-11 15:00:00
953,26.08,0,0,0,0,0,2022-08-11 15:05:00
953,26.08,0,0,0,0,0,2022-08-11 15:10:00
953,26.08,0,0,0,0,0,2022-08-11 15:15:00
953,26.08,0,0,0,0,0,2022-08-11 15:20:00
953,26.08,0,0,0,0,0,2022-08-11 15:25:00
953,26.08,0,0,0,0,0,2022-08-11 15:30:00
953,26.08,0,0,0,0,0,2022-08-11 15:35:00
953,26.08,0,0,0,0,0,2022-08-11 15:40:00
953,26.08,0,0,0,0,0,2022-08-11 15:45:00
953,26.08,0,0,0,0,0,2022-08-11 15:50:00
953,26.08,0,0,0,0,0,2022-08-11 15:55:00
953,26.08,0,0,0,0,0,2022-08-11 16:00:00
953,26.08,0,0,0,0,0,2022-08-11 16:05:00
953,26.08,0,0,0,0,0,2022-08-11 16:10:00
953,26.08,0,0,0,0,0,2022-08-11 16:15:00
953,26.08,0,0,0,0,0,2022-08-11 16:20:00
953,26.08,0,0,0,0,0,2022-08-11 16:25:00
953,26.08,0,0,0,0,0,2022-08-11 16:30:00
953,26.08,0,0,0,0,0,2022-08-11 16:35:00
953,26.08,0,0,0,0,0,2022-08-11 16:40:00
953,26.08,0,0,0,0,0,2022-08-11 16:45:00
953,26.08,0,0,0,0,0,2022-08-11 16:50:00
953,26.08,0,0,0,0,0,2022-08-11 16:55:00
953,26.08,0,0,0,0,0,2022-08-11 17:00:00
953,26.08,0,0,0,0,0,2022-08-11 17:05:00
953,26.08,0,0,0,0,0,2022-08-11 17:10:00
953,26.08,0,0,0,0,0,2022-08-11 17:15:00
953,26.08,0,0,0,0,0,2022-08-11 17:20:00
953,26.08,0,0,0,0,0,2022-08-11 17:25:00
953,26.08,0,0,0,0,0,2022-08-11 17:30:00
953,29.38,0,0,0,0,0,2022-08-11 17:35:00
953,29.41,0,0,0,0,0,2022-08-11 17:40:00
953,29.36,0,0,0,0,0,2022-08-11 17:45:00
953,29.43,0,0,0,0,0,2022-08-11 17:50:00
953,29.35,0,0,0,0,0,2022-08-11 17:55:00
953,29.5,0,0,0,0,0,2022-08-11 18:00:00
953,29.55,0,0,0,0,0,2022-08-11 18:05:00
953,29.53,0,0,0,0,0,2022-08-11 18:10:00
953,29.47,0,0,0,0,0,2022-08-11 18:15:00
953,29.57,0,0,0,0,0,2022-08-11 18:20:00
953,29.53,0,0,0,0,0,2022-08-11 18:25:00
953,29.57,0,0,0,0,0,2022-08-11 18:30:00
953,29.62,0,0,0,0,0,2022-08-11 18:35:00
953,29.63,0,0,0,0,0,2022-08-11 18:40:00
953,29.67,0,0,0,0,0,2022-08-11 18:45:00
953,29.73,0,0,0,0,0,2022-08-11 18:50:00
953,29.66,0,0,0,0,0,2022-08-11 18:55:00
953,29.66,0,0,0,0,0,2022-08-11 19:00:00
953,29.69,0,0,0,0,0,2022-08-11 19:05:00
953,29.73,0,0,0,0,0,2022-08-11 19:10:00
953,29.67,0,0,0,0,0,2022-08-11 19:15:00
953,29.64,0,0,0,0,0,2022-08-11 19:20:00
953,29.69,0,0,0,0,0,2022-08-11 19:25:00
953,29.79,0,0,0,0,0,2022-08-11 19:30:00
953,29.64,0,0,0,0,0,2022-08-11 19:35:00
953,29.78,0,0,0,0,0,2022-08-11 19:40:00
953,29.78,0,0,0,0,0,2022-08-11 19:45:00
953,29.84,0,0,0,0,0,2022-08-11 19:50:00
953,29.71,0,0,0,0,0,2022-08-11 19:55:00
953,29.82,0,0,0,0,0,2022-08-11 20:00:00
953,29.86,0,0,0,0,0,2022-08-11 20:05:00
953,29.86,0,0,0,0,0,2022-08-11 20:10:00
953,29.84,0,0,0,0,0,2022-08-11 20:15:00
953,29.79,0,0,0,0,0,2022-08-11 20:20:00
953,29.81,0,0,0,0,0,2022-08-11 20:25:00
953,29.78,0,0,0,0,0,2022-08-11 20:30:00
953,29.79,0,0,0,0,0,2022-08-11 20:35:00
953,29.81,0,0,0,0,0,2022-08-11 20:40:00
953,29.88,0,0,0,0,0,2022-08-11 20:45:00
953,29.81,0,0,0,0,0,2022-08-11 20:50:00
953,29.88,0,0,0,0,0,2022-08-11 20:55:00
953,29.84,0,0,0,0,0,2022-08-11 21:00:00
953,29.89,0,0,0,0,0,2022-08-11 21:05:00
953,29.86,0,0,0,0,0,2022-08-11 21:10:00
953,29.86,0,0,0,0,0,2022-08-11 21:15:00
953,29.88,0,0,0,0,0,2022-08-11 21:20:00
953,29.81,0,0,0,0,0,2022-08-11 21:25:00
953,29.88,0,0,0,0,0,2022-08-11 21:30:00
953,29.78,0,0,0,0,0,2022-08-11 21:35:00
953,29.81,0,0,0,0,0,2022-08-11 21:40:00
953,29.88,0,0,0,0,0,2022-08-11 21:45:00
953,29.81,0,0,0,0,0,2022-08-11 21:50:00
953,29.69,0,0,0,0,0,2022-08-11 21:55:00
953,29.73,0,0,0,0,0,2022-08-11 22:00:00
953,29.63,0,0,0,0,0,2022-08-11 22:05:00
953,29.62,0,0,0,0,0,2022-08-11 22:10:00
953,29.62,0,0,0,0,0,2022-08-11 22:15:00
953,29.57,0,0,0,0,0,2022-08-11 22:20:00
953,29.55,0,0,0,0,0,2022-08-11 22:25:00
953,29.53,0,0,0,0,0,2022-08-11 22:30:00
953,29.46,0,0,0,0,0,2022-08-11 22:35:00
953,29.53,0,0,0,0,0,2022-08-11 22:40:00
953,29.47,0,0,0,0,0,2022-08-11 22:45:00
953,29.43,0,0,0,0,0,2022-08-11 22:50:00
953,29.41,0,0,0,0,0,2022-08-11 22:55:00
953,29.34,0,0,0,0,0,2022-08-11 23:00:00
953,29.4,0,0,0,0,0,2022-08-11 23:05:00
953,29.4,0,0,0,0,0,2022-08-11 23:10:00
953,29.31,0,0,0,0,0,2022-08-11 23:15:00
953,29.35,0,0,0,0,0,2022-08-11 23:20:00
953,29.38,0,0,0,0,0,2022-08-11 23:25:00
953,29.24,0,0,0,0,0,2022-08-11 23:30:00
953,29.28,0,0,0,0,0,2022-08-11 23:35:00
953,29.36,0,0,0,0,0,2022-08-11 23:40:00
953,29.13,0,0,0,0,0,2022-08-11 23:45:00
953,29.17,0,0,0,0,0,2022-08-11 23:50:00
953,29.26,0,0,0,0,0,2022-08-11 23:55:00
953,29.2,0,0,0,0,0,2022-08-12 00:00:00
953,29.1,0,0,0,0,0,2022-08-12 00:05:00
953,29.1,0,0,0,0,0,2022-08-12 00:10:00
953,29.07,0,0,0,0,0,2022-08-12 00:15:00
953,29.02,0,0,0,0,0,2022-08-12 00:20:00
953,29.04,0,0,0,0,0,2022-08-12 00:25:00
953,29.02,0,0,0,0,0,2022-08-12 00:30:00
953,28.97,0,0,0,0,0,2022-08-12 00:35:00
953,28.87,0,0,0,0,0,2022-08-12 00:40:00
953,28.85,0,0,0,0,0,2022-08-12 00:45:00
953,28.92,0,0,0,0,0,2022-08-12 00:50:00
953,28.88,0,0,0,0,0,2022-08-12 00:55:00
953,28.85,0,0,0,0,0,2022-08-12 01:00:00
953,28.83,0,0,0,0,0,2022-08-12 01:05:00
953,28.82,0,0,0,0,0,2022-08-12 01:10:00
953,28.69,0,0,0,0,0,2022-08-12 01:15:00
953,28.74,0,0,0,0,0,2022-08-12 01:20:00
953,28.73,0,0,0,0,0,2022-08-12 01:25:00
953,28.67,0,0,0,0,0,2022-08-12 01:30:00
953,28.64,0,0,0,0,0,2022-08-12 01:35:00
953,28.64,0,0,0,0,0,2022-08-12 01:40:00
953,28.67,0,0,0,0,0,2022-08-12 01:45:00
953,28.62,0,0,0,0,0,2022-08-12 01:50:00
953,28.52,0,0,0,0,0,2022-08-12 01:55:00
953,28.46,0,0,0,0,0,2022-08-12 02:00:00
953,28.51,0,0,0,0,0,2022-08-12 02:05:00
953,28.54,0,0,0,0,0,2022-08-12 02:10:00
953,28.48,0,0,0,0,0,2022-08-12 02:15:00
953,28.45,0,0,0,0,0,2022-08-12 02:20:00
953,28.51,0,0,0,0,0,2022-08-12 02:25:00
953,28.3,0,0,0,0,0,2022-08-12 02:30:00
953,28.33,0,0,0,0,0,2022-08-12 02:35:00
953,28.35,0,0,0,0,0,2022-08-12 02:40:00
953,28.4,0,0,0,0,0,2022-08-12 02:45:00
953,28.23,0,0,0,0,0,2022-08-12 02:50:00
953,28.23,0,0,0,0,0,2022-08-12 02:55:00
953,28.28,0,0,0,0,0,2022-08-12 03:00:00
953,28.18,0,0,0,0,0,2022-08-12 03:05:00
953,28.28,0,0,0,0,0,2022-08-12 03:10:00
953,28.2,0,0,0,0,0,2022-08-12 03:15:00
953,28.17,0,0,0,0,0,2022-08-12 03:20:00
953,28.08,0,0,0,0,0,2022-08-12 03:25:00
953,28.08,0,0,0,0,0,2022-08-12 03:30:00
953,28.15,0,0,0,0,0,2022-08-12 03:35:00
953,28.01,0,0,0,0,0,2022-08-12 03:40:00
953,28.01,0,0,0,0,0,2022-08-12 03:45:00
953,28.07,0,0,0,0,0,2022-08-12 03:50:00
953,28.04,0,0,0,0,0,2022-08-12 03:55:00
953,27.98,0,0,0,0,0,2022-08-12 04:00:00
953,27.9,0,0,0,0,0,2022-08-12 04:05:00
953,27.92,0,0,0,0,0,2022-08-12 04:10:00
953,27.89,0,0,0,0,0,2022-08-12 04:15:00
953,27.9,0,0,0,0,0,2022-08-12 04:20:00
953,27.86,0,0,0,0,0,2022-08-12 04:25:00
953,27.77,0,0,0,0,0,2022-08-12 04:30:00
953,27.89,0,0,0,0,0,2022-08-12 04:35:00
953,27.85,0,0,0,0,0,2022-08-12 04:40:00
953,27.77,0,0,0,0,0,2022-08-12 04:45:00
953,27.82,0,0,0,0,0,2022-08-12 04:50:00
953,27.82,0,0,0,0,0,2022-08-12 04:55:00
953,27.61,0,0,0,0,0,2022-08-12 05:00:00
953,27.64,0,0,0,0,0,2022-08-12 05:05:00
953,27.61,0,0,0,0,0,2022-08-12 05:10:00
953,27.62,0,0,0,0,0,2022-08-12 05:15:00
953,27.58,0,0,0,0,0,2022-08-12 05:20:00
953,27.52,0,0,0,0,0,2022-08-12 05:25:00
953,27.5,0,0,0,0,0,2022-08-12 05:30:00
953,27.52,0,0,0,0,0,2022-08-12 05:35:00
953,27.42,0,0,0,0,0,2022-08-12 05:40:00
953,27.52,0,0,0,0,0,2022-08-12 05:45:00
953,27.4,0,0,0,0,0,2022-08-12 05:50:00
953,27.43,0,0,0,0,0,2022-08-12 05:55:00
953,27.4,0,0,0,0,0,2022-08-12 06:00:00
953,27.18,0,0,0,0,0,2022-08-12 06:05:00
953,27.2,0,0,0,0,0,2022-08-12 06:10:00
953,27.12,0,0,0,0,0,2022-08-12 06:15:00
953,27.09,0,0,0,0,0,2022-08-12 06:20:00
953,27.02,0,0,0,0,0,2022-08-12 06:25:00
953,26.93,0,0,0,0,0,2022-08-12 06:30:00
953,26.87,0,0,0,0,0,2022-08-12 06:35:00
953,26.86,0,0,0,0,0,2022-08-12 06:40:00
953,26.79,0,0,0,0,0,2022-08-12 06:45:00
953,26.71,0,0,0,0,0,2022-08-12 06:50:00
953,26.6,0,0,0,0,0,2022-08-12 06:55:01
953,26.59,0,0,0,0,0,2022-08-12 07:00:00
953,26.67,0,0,0,0,0,2022-08-12 07:05:00
953,26.58,0,0,0,0,0,2022-08-12 07:10:00
953,26.72,0,0,0,0,0,2022-08-12 07:15:00
953,26.64,0,0,0,0,0,2022-08-12 07:20:00
953,26.71,0,0,0,0,0,2022-08-12 07:25:00
953,26.72,0,0,0,0,0,2022-08-12 07:30:00
953,26.72,0,0,0,0,0,2022-08-12 07:35:00
953,26.6,0,0,0,0,0,2022-08-12 07:40:00
953,26.59,0,0,0,0,0,2022-08-12 07:45:00
953,26.63,0,0,0,0,0,2022-08-12 07:50:00
953,26.64,0,0,0,0,0,2022-08-12 07:55:00
953,26.58,0,0,0,0,0,2022-08-12 08:00:00
953,26.6,0,0,0,0,0,2022-08-12 08:05:00
953,26.55,0,0,0,0,0,2022-08-12 08:10:00
953,26.56,0,0,0,0,0,2022-08-12 08:15:00
953,26.59,0,0,0,0,0,2022-08-12 08:20:00
953,26.52,0,0,0,0,0,2022-08-12 08:25:00
953,26.59,0,0,0,0,0,2022-08-12 08:30:00
953,26.52,0,0,0,0,0,2022-08-12 08:35:00
953,26.55,0,0,0,0,0,2022-08-12 08:40:00
953,26.55,0,0,0,0,0,2022-08-12 08:45:00
953,26.59,0,0,0,0,0,2022-08-12 08:50:00
953,26.56,0,0,0,0,0,2022-08-12 08:55:00
953,26.55,0,0,0,0,0,2022-08-12 09:00:00
953,26.48,0,0,0,0,0,2022-08-12 09:05:00
953,26.5,0,0,0,0,0,2022-08-12 09:10:00
953,26.53,0,0,0,0,0,2022-08-12 09:15:00
953,26.53,0,0,0,0,0,2022-08-12 09:20:00
953,26.49,0,0,0,0,0,2022-08-12 09:25:00
953,26.55,0,0,0,0,0,2022-08-12 09:30:00
953,26.59,0,0,0,0,0,2022-08-12 09:35:00
953,26.53,0,0,0,0,0,2022-08-12 09:40:00
953,26.59,0,0,0,0,0,2022-08-12 09:45:00
953,26.58,0,0,0,0,0,2022-08-12 09:50:00
953,26.56,0,0,0,0,0,2022-08-12 09:55:00
953,26.58,0,0,0,0,0,2022-08-12 10:00:00
953,26.6,0,0,0,0,0,2022-08-12 10:05:00
953,26.64,0,0,0,0,0,2022-08-12 10:10:00
953,26.68,0,0,0,0,0,2022-08-12 10:15:00
953,26.65,0,0,0,0,0,2022-08-12 10:20:00
953,26.76,0,0,0,0,0,2022-08-12 10:25:00
953,26.65,0,0,0,0,0,2022-08-12 10:30:00
953,26.79,0,0,0,0,0,2022-08-12 10:35:00
953,26.87,0,0,0,0,0,2022-08-12 10:40:00
953,26.87,0,0,0,0,0,2022-08-12 10:45:00
953,26.9,0,0,0,0,0,2022-08-12 10:50:00
953,26.97,0,0,0,0,0,2022-08-12 10:55:00
953,27.02,0,0,0,0,0,2022-08-12 11:00:00
953,27.02,0,0,0,0,0,2022-08-12 11:05:00
953,27.12,0,0,0,0,0,2022-08-12 11:10:00
953,27.15,0,0,0,0,0,2022-08-12 11:15:00
953,27.16,0,0,0,0,0,2022-08-12 11:20:00
953,27.15,0,0,0,0,0,2022-08-12 11:25:00
953,27.24,0,0,0,0,0,2022-08-12 11:30:00
953,27.31,0,0,0,0,0,2022-08-12 11:35:00
953,27.34,0,0,0,0,0,2022-08-12 11:40:00
953,27.34,0,0,0,0,0,2022-08-12 11:45:00
953,27.4,0,0,0,0,0,2022-08-12 11:50:00
953,27.43,0,0,0,0,0,2022-08-12 11:55:00
953,27.52,0,0,0,0,0,2022-08-12 12:00:00
953,27.52,0,0,0,0,0,2022-08-12 12:05:00
953,27.49,0,0,0,0,0,2022-08-12 12:10:00
953,27.52,0,0,0,0,0,2022-08-12 12:15:00
953,27.61,0,0,0,0,0,2022-08-12 12:20:00
953,27.7,0,0,0,0,0,2022-08-12 12:25:00
953,27.7,0,0,0,0,0,2022-08-12 12:30:00
953,27.71,0,0,0,0,0,2022-08-12 12:35:00
953,27.76,0,0,0,0,0,2022-08-12 12:40:00
953,27.89,0,0,0,0,0,2022-08-12 12:45:00
953,27.77,0,0,0,0,0,2022-08-12 12:50:00
953,27.94,0,0,0,0,0,2022-08-12 12:55:00
953,27.94,0,0,0,0,0,2022-08-12 13:00:00
953,27.94,0,0,0,0,0,2022-08-12 13:05:00
953,28.04,0,0,0,0,0,2022-08-12 13:10:00
953,28.04,0,0,0,0,0,2022-08-12 13:15:00
953,28.07,0,0,0,0,0,2022-08-12 13:20:00
953,28.14,0,0,0,0,0,2022-08-12 13:25:00
953,28.08,0,0,0,0,0,2022-08-12 13:30:00
953,28.18,0,0,0,0,0,2022-08-12 13:35:00
953,28.25,0,0,0,0,0,2022-08-12 13:40:00
953,28.24,0,0,0,0,0,2022-08-12 13:45:00
953,28.28,0,0,0,0,0,2022-08-12 13:50:00
953,28.32,0,0,0,0,0,2022-08-12 13:55:00
953,28.35,0,0,0,0,0,2022-08-12 14:00:00
953,28.38,0,0,0,0,0,2022-08-12 14:05:00
953,28.42,0,0,0,0,0,2022-08-12 14:10:00
953,28.45,0,0,0,0,0,2022-08-12 14:15:00
953,28.48,0,0,0,0,0,2022-08-12 14:20:00
953,28.46,0,0,0,0,0,2022-08-12 14:25:00
953,28.5,0,0,0,0,0,2022-08-12 14:30:00
953,28.57,0,0,0,0,0,2022-08-12 14:35:00
953,28.58,0,0,0,0,0,2022-08-12 14:40:00
953,28.61,0,0,0,0,0,2022-08-12 14:45:00
953,28.6,0,0,0,0,0,2022-08-12 14:50:00
953,28.62,0,0,0,0,0,2022-08-12 14:55:00
953,28.67,0,0,0,0,0,2022-08-12 15:00:00
953,28.69,0,0,0,0,0,2022-08-12 15:05:00
953,28.76,0,0,0,0,0,2022-08-12 15:10:00
953,28.73,0,0,0,0,0,2022-08-12 15:15:00
953,28.87,0,0,0,0,0,2022-08-12 15:20:00
953,28.85,0,0,0,0,0,2022-08-12 15:25:00
953,28.87,0,0,0,0,0,2022-08-12 15:30:00
953,28.8,0,0,0,0,0,2022-08-12 15:35:00
953,28.94,0,0,0,0,0,2022-08-12 15:40:00
953,28.94,0,0,0,0,0,2022-08-12 15:45:00
953,28.92,0,0,0,0,0,2022-08-12 15:50:00
953,29.01,0,0,0,0,0,2022-08-12 15:55:00
953,29.06,0,0,0,0,0,2022-08-12 16:00:00
953,29.02,0,0,0,0,0,2022-08-12 16:05:00
953,29.1,0,0,0,0,0,2022-08-12 16:10:00
953,29.13,0,0,0,0,0,2022-08-12 16:15:00
953,29.13,0,0,0,0,0,2022-08-12 16:20:00
953,29.13,0,0,0,0,0,2022-08-12 16:25:00
953,29.19,0,0,0,0,0,2022-08-12 16:30:00
953,29.17,0,0,0,0,0,2022-08-12 16:35:00
953,29.29,0,0,0,0,0,2022-08-12 16:40:00
953,29.19,0,0,0,0,0,2022-08-12 16:45:00
953,29.22,0,0,0,0,0,2022-08-12 16:50:00
953,29.34,0,0,0,0,0,2022-08-12 16:55:00
953,29.32,0,0,0,0,0,2022-08-12 17:00:00
953,29.36,0,0,0,0,0,2022-08-12 17:05:00
953,29.36,0,0,0,0,0,2022-08-12 17:10:00
953,29.44,0,0,0,0,0,2022-08-12 17:15:00
953,29.46,0,0,0,0,0,2022-08-12 17:20:00
953,29.48,0,0,0,0,0,2022-08-12 17:25:00
953,29.48,0,0,0,0,0,2022-08-12 17:30:00
953,29.5,0,0,0,0,0,2022-08-12 17:35:00
953,29.6,0,0,0,0,0,2022-08-12 17:40:00
953,29.48,0,0,0,0,0,2022-08-12 17:45:00
953,29.57,0,0,0,0,0,2022-08-12 17:50:00
953,29.57,0,0,0,0,0,2022-08-12 17:55:00
953,29.63,0,0,0,0,0,2022-08-12 18:00:00
953,29.6,0,0,0,0,0,2022-08-12 18:05:00
953,29.66,0,0,0,0,0,2022-08-12 18:10:00
953,29.58,0,0,0,0,0,2022-08-12 18:15:00
953,29.74,0,0,0,0,0,2022-08-12 18:20:00
953,29.71,0,0,0,0,0,2022-08-12 18:25:00
953,29.73,0,0,0,0,0,2022-08-12 18:30:00
953,29.73,0,0,0,0,0,2022-08-12 18:35:00
953,29.78,0,0,0,0,0,2022-08-12 18:40:00
953,29.78,0,0,0,0,0,2022-08-12 18:45:00
953,29.69,0,0,0,0,0,2022-08-12 18:50:00
953,29.91,0,0,0,0,0,2022-08-12 18:55:00
953,29.79,0,0,0,0,0,2022-08-12 19:00:00
953,29.81,0,0,0,0,0,2022-08-12 19:05:00
953,29.78,0,0,0,0,0,2022-08-12 19:10:00
953,29.81,0,0,0,0,0,2022-08-12 19:15:00
953,29.76,0,0,0,0,0,2022-08-12 19:20:00
953,29.86,0,0,0,0,0,2022-08-12 19:25:00
953,29.88,0,0,0,0,0,2022-08-12 19:30:00
953,29.86,0,0,0,0,0,2022-08-12 19:35:00
953,29.88,0,0,0,0,0,2022-08-12 19:40:00
953,29.92,0,0,0,0,0,2022-08-12 19:45:00
953,29.89,0,0,0,0,0,2022-08-12 19:50:00
953,29.82,0,0,0,0,0,2022-08-12 19:55:00
953,29.84,0,0,0,0,0,2022-08-12 20:00:00
953,29.82,0,0,0,0,0,2022-08-12 20:05:00
953,29.79,0,0,0,0,0,2022-08-12 20:10:00
953,29.82,0,0,0,0,0,2022-08-12 20:15:00
953,29.79,0,0,0,0,0,2022-08-12 20:20:00
953,29.85,0,0,0,0,0,2022-08-12 20:25:00
953,29.86,0,0,0,0,0,2022-08-12 20:30:00
953,29.88,0,0,0,0,0,2022-08-12 20:35:00
953,29.84,0,0,0,0,0,2022-08-12 20:40:00
953,29.82,0,0,0,0,0,2022-08-12 20:45:00
953,29.79,0,0,0,0,0,2022-08-12 20:50:00
953,29.82,0,0,0,0,0,2022-08-12 20:55:00
953,29.73,0,0,0,0,0,2022-08-12 21:00:00
953,29.78,0,0,0,0,0,2022-08-12 21:05:00
953,29.74,0,0,0,0,0,2022-08-12 21:10:00
953,29.76,0,0,0,0,0,2022-08-12 21:15:00
953,29.78,0,0,0,0,0,2022-08-12 21:20:00
953,29.74,0,0,0,0,0,2022-08-12 21:25:00
953,29.7,0,0,0,0,0,2022-08-12 21:30:00
953,29.71,0,0,0,0,0,2022-08-12 21:35:00
953,29.63,0,0,0,0,0,2022-08-12 21:40:00
953,29.64,0,0,0,0,0,2022-08-12 21:45:00
953,29.6,0,0,0,0,0,2022-08-12 21:50:00
953,29.55,0,0,0,0,0,2022-08-12 21:55:00
953,29.63,0,0,0,0,0,2022-08-12 22:00:00
953,29.51,0,0,0,0,0,2022-08-12 22:05:00
953,29.4,0,0,0,0,0,2022-08-12 22:10:00
953,29.4,0,0,0,0,0,2022-08-12 22:15:00
953,29.44,0,0,0,0,0,2022-08-12 22:20:00
953,29.34,0,0,0,0,0,2022-08-12 22:25:00
953,29.29,0,0,0,0,0,2022-08-12 22:30:00
953,29.28,0,0,0,0,0,2022-08-12 22:35:00
953,29.29,0,0,0,0,0,2022-08-12 22:40:00
953,29.26,0,0,0,0,0,2022-08-12 22:45:00
953,29.09,0,0,0,0,0,2022-08-12 22:50:00
953,29.11,0,0,0,0,0,2022-08-12 22:55:00
953,29.1,0,0,0,0,0,2022-08-12 23:00:00
953,28.95,0,0,0,0,0,2022-08-12 23:05:00
953,28.98,0,0,0,0,0,2022-08-12 23:10:00
953,28.88,0,0,0,0,0,2022-08-12 23:15:00
953,28.97,0,0,0,0,0,2022-08-12 23:20:00
953,28.98,0,0,0,0,0,2022-08-12 23:25:00
953,28.99,0,0,0,0,0,2022-08-12 23:30:00
953,28.92,0,0,0,0,0,2022-08-12 23:35:00
953,28.91,0,0,0,0,0,2022-08-12 23:40:00
953,28.94,0,0,0,0,0,2022-08-12 23:45:00
953,28.89,0,0,0,0,0,2022-08-12 23:50:00
953,28.89,0,0,0,0,0,2022-08-12 23:55:00
953,28.85,0,0,0,0,0,2022-08-13 00:00:00
953,28.88,0,0,0,0,0,2022-08-13 00:05:00
953,28.83,0,0,0,0,0,2022-08-13 00:10:00
953,28.77,0,0,0,0,0,2022-08-13 00:15:00
953,28.74,0,0,0,0,0,2022-08-13 00:20:00
953,28.67,0,0,0,0,0,2022-08-13 00:25:00
953,28.7,0,0,0,0,0,2022-08-13 00:30:00
953,28.67,0,0,0,0,0,2022-08-13 00:35:00
953,28.73,0,0,0,0,0,2022-08-13 00:40:00
953,28.6,0,0,0,0,0,2022-08-13 00:45:00
953,28.52,0,0,0,0,0,2022-08-13 00:50:00
953,28.52,0,0,0,0,0,2022-08-13 00:55:00
953,28.42,0,0,0,0,0,2022-08-13 01:00:00
953,28.48,0,0,0,0,0,2022-08-13 01:05:00
953,28.45,0,0,0,0,0,2022-08-13 01:10:00
953,28.39,0,0,0,0,0,2022-08-13 01:15:00
953,28.35,0,0,0,0,0,2022-08-13 01:20:00
953,28.35,0,0,0,0,0,2022-08-13 01:25:00
953,28.28,0,0,0,0,0,2022-08-13 01:30:00
953,28.3,0,0,0,0,0,2022-08-13 01:35:00
953,28.25,0,0,0,0,0,2022-08-13 01:40:00
953,28.2,0,0,0,0,0,2022-08-13 01:45:00
953,28.21,0,0,0,0,0,2022-08-13 01:50:00
953,28.07,0,0,0,0,0,2022-08-13 01:55:00
953,28.07,0,0,0,0,0,2022-08-13 02:00:00
953,28.04,0,0,0,0,0,2022-08-13 02:05:00
953,28,0,0,0,0,0,2022-08-13 02:10:00
953,28.04,0,0,0,0,0,2022-08-13 02:15:00
953,27.95,0,0,0,0,0,2022-08-13 02:20:00
953,28,0,0,0,0,0,2022-08-13 02:25:00
953,27.79,0,0,0,0,0,2022-08-13 02:30:00
953,27.82,0,0,0,0,0,2022-08-13 02:35:00
953,27.85,0,0,0,0,0,2022-08-13 02:40:00
953,27.79,0,0,0,0,0,2022-08-13 02:45:00
953,27.75,0,0,0,0,0,2022-08-13 02:50:00
953,27.7,0,0,0,0,0,2022-08-13 02:55:00
953,27.6,0,0,0,0,0,2022-08-13 03:00:00
953,27.73,0,0,0,0,0,2022-08-13 03:05:00
953,27.57,0,0,0,0,0,2022-08-13 03:10:00
953,27.62,0,0,0,0,0,2022-08-13 03:15:00
953,27.64,0,0,0,0,0,2022-08-13 03:20:00
953,27.46,0,0,0,0,0,2022-08-13 03:25:00
953,27.62,0,0,0,0,0,2022-08-13 03:30:00
953,27.53,0,0,0,0,0,2022-08-13 03:35:00
953,27.45,0,0,0,0,0,2022-08-13 03:40:00
953,27.43,0,0,0,0,0,2022-08-13 03:45:00
953,27.45,0,0,0,0,0,2022-08-13 03:50:00
953,27.31,0,0,0,0,0,2022-08-13 03:55:01
953,27.3,0,0,0,0,0,2022-08-13 04:00:00
953,27.3,0,0,0,0,0,2022-08-13 04:05:00
953,27.27,0,0,0,0,0,2022-08-13 04:10:00
953,27.16,0,0,0,0,0,2022-08-13 04:15:00
953,27.23,0,0,0,0,0,2022-08-13 04:20:00
953,27.15,0,0,0,0,0,2022-08-13 04:25:00
953,27.23,0,0,0,0,0,2022-08-13 04:30:00
953,27.12,0,0,0,0,0,2022-08-13 04:35:00
953,27.06,0,0,0,0,0,2022-08-13 04:40:00
953,27.03,0,0,0,0,0,2022-08-13 04:45:00
953,26.91,0,0,0,0,0,2022-08-13 04:50:00
953,26.93,0,0,0,0,0,2022-08-13 04:55:00
953,26.94,0,0,0,0,0,2022-08-13 05:00:00
953,26.87,0,0,0,0,0,2022-08-13 05:05:00
953,26.84,0,0,0,0,0,2022-08-13 05:10:00
953,26.88,0,0,0,0,0,2022-08-13 05:15:00
953,26.86,0,0,0,0,0,2022-08-13 05:20:00
953,26.64,0,0,0,0,0,2022-08-13 05:25:00
953,26.65,0,0,0,0,0,2022-08-13 05:30:00
953,26.64,0,0,0,0,0,2022-08-13 05:35:00
953,26.63,0,0,0,0,0,2022-08-13 05:40:00
953,26.59,0,0,0,0,0,2022-08-13 05:45:00
953,26.52,0,0,0,0,0,2022-08-13 05:50:00
953,26.53,0,0,0,0,0,2022-08-13 05:55:00
953,26.48,0,0,0,0,0,2022-08-13 06:00:00
953,26.5,0,0,0,0,0,2022-08-13 06:05:00
953,26.43,0,0,0,0,0,2022-08-13 06:10:00
953,26.37,0,0,0,0,0,2022-08-13 06:15:00
953,26.31,0,0,0,0,0,2022-08-13 06:20:00
953,26.3,0,0,0,0,0,2022-08-13 06:25:00
953,26.31,0,0,0,0,0,2022-08-13 06:30:00
953,26.27,0,0,0,0,0,2022-08-13 06:35:00
953,26.06,0,0,0,0,0,2022-08-13 06:40:00
953,26.06,0,0,0,0,0,2022-08-13 06:45:00
953,26.12,0,0,0,0,0,2022-08-13 06:50:00
953,26.09,0,0,0,0,0,2022-08-13 06:55:00
953,26.08,0,0,0,0,0,2022-08-13 07:00:00
953,25.94,0,0,0,0,0,2022-08-13 07:05:00
953,25.98,0,0,0,0,0,2022-08-13 07:10:00
953,25.96,0,0,0,0,0,2022-08-13 07:15:00
953,25.85,0,0,0,0,0,2022-08-13 07:20:00
953,25.89,0,0,0,0,0,2022-08-13 07:25:00
953,25.86,0,0,0,0,0,2022-08-13 07:30:00
953,25.75,0,0,0,0,0,2022-08-13 07:35:00
953,25.79,0,0,0,0,0,2022-08-13 07:40:00
953,25.74,0,0,0,0,0,2022-08-13 07:45:00
953,25.75,0,0,0,0,0,2022-08-13 07:50:00
953,25.74,0,0,0,0,0,2022-08-13 07:55:00
953,25.69,0,0,0,0,0,2022-08-13 08:00:00
953,25.74,0,0,0,0,0,2022-08-13 08:05:00
953,25.66,0,0,0,0,0,2022-08-13 08:10:00
953,25.63,0,0,0,0,0,2022-08-13 08:15:00
953,25.61,0,0,0,0,0,2022-08-13 08:20:00
953,25.6,0,0,0,0,0,2022-08-13 08:25:00
953,25.64,0,0,0,0,0,2022-08-13 08:30:00
953,25.6,0,0,0,0,0,2022-08-13 08:35:00
953,25.51,0,0,0,0,0,2022-08-13 08:40:00
953,25.49,0,0,0,0,0,2022-08-13 08:45:00
953,25.51,0,0,0,0,0,2022-08-13 08:50:00
953,25.56,0,0,0,0,0,2022-08-13 08:55:00
953,25.49,0,0,0,0,0,2022-08-13 09:00:00
953,25.53,0,0,0,0,0,2022-08-13 09:05:00
953,25.59,0,0,0,0,0,2022-08-13 09:10:00
953,25.48,0,0,0,0,0,2022-08-13 09:15:00
953,25.44,0,0,0,0,0,2022-08-13 09:20:00
953,25.6,0,0,0,0,0,2022-08-13 09:25:00
953,25.56,0,0,0,0,0,2022-08-13 09:30:00
953,25.54,0,0,0,0,0,2022-08-13 09:35:00
953,25.69,0,0,0,0,0,2022-08-13 09:40:00
953,25.61,0,0,0,0,0,2022-08-13 09:45:00
953,25.71,0,0,0,0,0,2022-08-13 09:50:00
953,25.66,0,0,0,0,0,2022-08-13 09:55:00
953,25.72,0,0,0,0,0,2022-08-13 10:00:00
953,25.78,0,0,0,0,0,2022-08-13 10:05:00
953,25.86,0,0,0,0,0,2022-08-13 10:10:00
953,25.81,0,0,0,0,0,2022-08-13 10:15:00
953,25.78,0,0,0,0,0,2022-08-13 10:20:00
953,26,0,0,0,0,0,2022-08-13 10:25:00
953,26.06,0,0,0,0,0,2022-08-13 10:30:00
953,26.03,0,0,0,0,0,2022-08-13 10:35:00
953,26,0,0,0,0,0,2022-08-13 10:40:00
953,26.01,0,0,0,0,0,2022-08-13 10:45:01
953,26.13,0,0,0,0,0,2022-08-13 10:50:00
953,26.11,0,0,0,0,0,2022-08-13 10:55:00
953,26.2,0,0,0,0,0,2022-08-13 11:00:00
953,26.33,0,0,0,0,0,2022-08-13 11:05:00
953,26.31,0,0,0,0,0,2022-08-13 11:10:00
953,26.34,0,0,0,0,0,2022-08-13 11:15:00
953,26.38,0,0,0,0,0,2022-08-13 11:20:00
953,26.58,0,0,0,0,0,2022-08-13 11:25:00
953,26.52,0,0,0,0,0,2022-08-13 11:30:00
953,26.59,0,0,0,0,0,2022-08-13 11:35:00
953,26.75,0,0,0,0,0,2022-08-13 11:40:00
953,26.73,0,0,0,0,0,2022-08-13 11:45:00
953,26.78,0,0,0,0,0,2022-08-13 11:50:00
953,26.87,0,0,0,0,0,2022-08-13 11:55:00
953,26.96,0,0,0,0,0,2022-08-13 12:00:00
953,26.94,0,0,0,0,0,2022-08-13 12:05:00
953,27.02,0,0,0,0,0,2022-08-13 12:10:00
953,27.02,0,0,0,0,0,2022-08-13 12:15:00
953,27.08,0,0,0,0,0,2022-08-13 12:20:00
953,27.15,0,0,0,0,0,2022-08-13 12:25:00
953,27.21,0,0,0,0,0,2022-08-13 12:30:00
953,27.34,0,0,0,0,0,2022-08-13 12:35:00
953,27.34,0,0,0,0,0,2022-08-13 12:40:00
953,27.4,0,0,0,0,0,2022-08-13 12:45:00
953,27.46,0,0,0,0,0,2022-08-13 12:50:00
953,27.55,0,0,0,0,0,2022-08-13 12:55:00
953,27.5,0,0,0,0,0,2022-08-13 13:00:00
953,27.61,0,0,0,0,0,2022-08-13 13:05:00
953,27.75,0,0,0,0,0,2022-08-13 13:10:00
953,27.75,0,0,0,0,0,2022-08-13 13:15:00
953,27.83,0,0,0,0,0,2022-08-13 13:20:00
953,27.92,0,0,0,0,0,2022-08-13 13:25:00
953,28,0,0,0,0,0,2022-08-13 13:30:00
953,28.01,0,0,0,0,0,2022-08-13 13:35:00
953,28.02,0,0,0,0,0,2022-08-13 13:40:00
953,28.14,0,0,0,0,0,2022-08-13 13:45:00
953,28.13,0,0,0,0,0,2022-08-13 13:50:00
953,28.14,0,0,0,0,0,2022-08-13 13:55:00
953,28.25,0,0,0,0,0,2022-08-13 14:00:00
953,28.23,0,0,0,0,0,2022-08-13 14:05:00
953,28.3,0,0,0,0,0,2022-08-13 14:10:00
953,28.35,0,0,0,0,0,2022-08-13 14:15:00
953,28.39,0,0,0,0,0,2022-08-13 14:20:00
953,28.3,0,0,0,0,0,2022-08-13 14:25:00
953,28.42,0,0,0,0,0,2022-08-13 14:30:00
953,28.4,0,0,0,0,0,2022-08-13 14:35:00
953,28.57,0,0,0,0,0,2022-08-13 14:40:00
953,28.46,0,0,0,0,0,2022-08-13 14:45:00
953,28.51,0,0,0,0,0,2022-08-13 14:50:00
953,28.6,0,0,0,0,0,2022-08-13 14:55:00
953,28.69,0,0,0,0,0,2022-08-13 15:00:00
953,28.67,0,0,0,0,0,2022-08-13 15:05:00
953,28.62,0,0,0,0,0,2022-08-13 15:10:00
953,28.7,0,0,0,0,0,2022-08-13 15:15:00
953,28.79,0,0,0,0,0,2022-08-13 15:20:00
953,28.85,0,0,0,0,0,2022-08-13 15:25:00
953,28.76,0,0,0,0,0,2022-08-13 15:30:00
953,28.76,0,0,0,0,0,2022-08-13 15:35:00
953,28.87,0,0,0,0,0,2022-08-13 15:40:00
953,28.91,0,0,0,0,0,2022-08-13 15:45:00
953,28.89,0,0,0,0,0,2022-08-13 15:50:00
953,28.94,0,0,0,0,0,2022-08-13 15:55:00
953,28.97,0,0,0,0,0,2022-08-13 16:00:00
953,28.97,0,0,0,0,0,2022-08-13 16:05:00
953,28.94,0,0,0,0,0,2022-08-13 16:10:00
953,28.95,0,0,0,0,0,2022-08-13 16:15:00
953,29.01,0,0,0,0,0,2022-08-13 16:20:00
953,29.16,0,0,0,0,0,2022-08-13 16:25:01
953,29.1,0,0,0,0,0,2022-08-13 16:30:00
953,29.07,0,0,0,0,0,2022-08-13 16:35:00
953,29.14,0,0,0,0,0,2022-08-13 16:40:00
953,29.25,0,0,0,0,0,2022-08-13 16:45:00
953,29.16,0,0,0,0,0,2022-08-13 16:50:00
953,29.17,0,0,0,0,0,2022-08-13 16:55:00
953,29.36,0,0,0,0,0,2022-08-13 17:00:00
953,29.26,0,0,0,0,0,2022-08-13 17:05:00
953,29.28,0,0,0,0,0,2022-08-13 17:10:00
953,29.28,0,0,0,0,0,2022-08-13 17:15:00
953,29.32,0,0,0,0,0,2022-08-13 17:20:00
953,29.34,0,0,0,0,0,2022-08-13 17:25:00
953,29.36,0,0,0,0,0,2022-08-13 17:30:00
953,29.32,0,0,0,0,0,2022-08-13 17:35:00
953,29.32,0,0,0,0,0,2022-08-13 17:40:00
953,29.41,0,0,0,0,0,2022-08-13 17:45:00
953,29.46,0,0,0,0,0,2022-08-13 17:50:00
953,29.41,0,0,0,0,0,2022-08-13 17:55:00
953,29.35,0,0,0,0,0,2022-08-13 18:00:00
953,29.41,0,0,0,0,0,2022-08-13 18:05:00
953,29.4,0,0,0,0,0,2022-08-13 18:10:00
953,29.44,0,0,0,0,0,2022-08-13 18:15:00
953,29.4,0,0,0,0,0,2022-08-13 18:20:00
953,29.38,0,0,0,0,0,2022-08-13 18:25:00
953,29.4,0,0,0,0,0,2022-08-13 18:30:00
953,29.4,0,0,0,0,0,2022-08-13 18:35:00
953,29.41,0,0,0,0,0,2022-08-13 18:40:00
953,29.38,0,0,0,0,0,2022-08-13 18:45:00
953,29.43,0,0,0,0,0,2022-08-13 18:50:00
953,29.43,0,0,0,0,0,2022-08-13 18:55:00
953,29.36,0,0,0,0,0,2022-08-13 19:00:00
953,29.4,0,0,0,0,0,2022-08-13 19:05:00
953,29.35,0,0,0,0,0,2022-08-13 19:10:00
953,29.34,0,0,0,0,0,2022-08-13 19:15:00
953,29.38,0,0,0,0,0,2022-08-13 19:20:00
953,29.36,0,0,0,0,0,2022-08-13 19:25:00
953,29.32,0,0,0,0,0,2022-08-13 19:30:00
953,29.29,0,0,0,0,0,2022-08-13 19:35:00
953,29.36,0,0,0,0,0,2022-08-13 19:40:00
953,29.31,0,0,0,0,0,2022-08-13 19:45:00
953,29.34,0,0,0,0,0,2022-08-13 19:50:00
953,29.32,0,0,0,0,0,2022-08-13 19:55:00
953,29.29,0,0,0,0,0,2022-08-13 20:00:00
953,29.35,0,0,0,0,0,2022-08-13 20:05:00
953,29.22,0,0,0,0,0,2022-08-13 20:10:00
953,29.25,0,0,0,0,0,2022-08-13 20:15:00
953,29.14,0,0,0,0,0,2022-08-13 20:20:00
953,29.01,0,0,0,0,0,2022-08-13 20:25:00
953,29.06,0,0,0,0,0,2022-08-13 20:30:00
953,29.02,0,0,0,0,0,2022-08-13 20:35:00
953,28.97,0,0,0,0,0,2022-08-13 20:40:00
953,28.87,0,0,0,0,0,2022-08-13 20:45:00
953,28.83,0,0,0,0,0,2022-08-13 20:50:00
953,28.87,0,0,0,0,0,2022-08-13 20:55:00
953,28.83,0,0,0,0,0,2022-08-13 21:00:00
953,28.82,0,0,0,0,0,2022-08-13 21:05:00
953,28.74,0,0,0,0,0,2022-08-13 21:10:00
953,28.7,0,0,0,0,0,2022-08-13 21:15:00
953,28.69,0,0,0,0,0,2022-08-13 21:20:00
953,28.62,0,0,0,0,0,2022-08-13 21:25:00
953,28.57,0,0,0,0,0,2022-08-13 21:30:00
953,28.61,0,0,0,0,0,2022-08-13 21:35:00
953,28.45,0,0,0,0,0,2022-08-13 21:40:00
953,28.54,0,0,0,0,0,2022-08-13 21:45:00
953,28.45,0,0,0,0,0,2022-08-13 21:50:00
953,28.36,0,0,0,0,0,2022-08-13 21:55:00
953,28.36,0,0,0,0,0,2022-08-13 22:00:00
953,28.35,0,0,0,0,0,2022-08-13 22:05:00
953,28.14,0,0,0,0,0,2022-08-13 22:10:00
953,28.24,0,0,0,0,0,2022-08-13 22:15:00
953,28.14,0,0,0,0,0,2022-08-13 22:20:00
953,28.07,0,0,0,0,0,2022-08-13 22:25:00
953,28.05,0,0,0,0,0,2022-08-13 22:30:00
953,27.94,0,0,0,0,0,2022-08-13 22:35:00
953,27.82,0,0,0,0,0,2022-08-13 22:40:00
953,27.85,0,0,0,0,0,2022-08-13 22:45:00
953,27.79,0,0,0,0,0,2022-08-13 22:50:00
953,27.58,0,0,0,0,0,2022-08-13 22:55:00
953,27.64,0,0,0,0,0,2022-08-13 23:00:00
953,27.68,0,0,0,0,0,2022-08-13 23:05:00
953,27.7,0,0,0,0,0,2022-08-13 23:10:00
953,27.77,0,0,0,0,0,2022-08-13 23:15:00
953,27.75,0,0,0,0,0,2022-08-13 23:20:00
953,27.76,0,0,0,0,0,2022-08-13 23:25:00
953,27.76,0,0,0,0,0,2022-08-13 23:30:00
953,27.83,0,0,0,0,0,2022-08-13 23:35:00
953,27.79,0,0,0,0,0,2022-08-13 23:40:00
953,27.89,0,0,0,0,0,2022-08-13 23:45:00
953,27.89,0,0,0,0,0,2022-08-13 23:50:00
953,27.79,0,0,0,0,0,2022-08-13 23:55:00
953,27.8,0,0,0,0,0,2022-08-14 00:00:00
953,27.77,0,0,0,0,0,2022-08-14 00:05:00
953,27.71,0,0,0,0,0,2022-08-14 00:10:00
953,27.76,0,0,0,0,0,2022-08-14 00:15:00
953,27.8,0,0,0,0,0,2022-08-14 00:20:00
953,27.7,0,0,0,0,0,2022-08-14 00:25:00
953,27.75,0,0,0,0,0,2022-08-14 00:30:00
953,27.82,0,0,0,0,0,2022-08-14 00:35:00
953,27.82,0,0,0,0,0,2022-08-14 00:40:00
953,27.77,0,0,0,0,0,2022-08-14 00:45:00
953,27.7,0,0,0,0,0,2022-08-14 00:50:00
953,27.75,0,0,0,0,0,2022-08-14 00:55:00
953,27.58,0,0,0,0,0,2022-08-14 01:00:00
953,27.48,0,0,0,0,0,2022-08-14 01:05:00
953,27.5,0,0,0,0,0,2022-08-14 01:10:00
953,27.53,0,0,0,0,0,2022-08-14 01:15:00
953,27.53,0,0,0,0,0,2022-08-14 01:20:00
953,27.52,0,0,0,0,0,2022-08-14 01:25:00
953,27.48,0,0,0,0,0,2022-08-14 01:30:00
953,27.39,0,0,0,0,0,2022-08-14 01:35:00
953,27.43,0,0,0,0,0,2022-08-14 01:40:00
953,27.4,0,0,0,0,0,2022-08-14 01:45:00
953,27.31,0,0,0,0,0,2022-08-14 01:50:00
953,27.27,0,0,0,0,0,2022-08-14 01:55:00
953,27.31,0,0,0,0,0,2022-08-14 02:00:00
953,27.27,0,0,0,0,0,2022-08-14 02:05:00
953,27.27,0,0,0,0,0,2022-08-14 02:10:00
953,27.28,0,0,0,0,0,2022-08-14 02:15:00
953,27.3,0,0,0,0,0,2022-08-14 02:20:00
953,27.27,0,0,0,0,0,2022-08-14 02:25:00
953,27.23,0,0,0,0,0,2022-08-14 02:30:00
953,27.12,0,0,0,0,0,2022-08-14 02:35:00
953,27.18,0,0,0,0,0,2022-08-14 02:40:00
953,27.13,0,0,0,0,0,2022-08-14 02:45:00
953,27.16,0,0,0,0,0,2022-08-14 02:50:00
953,27.13,0,0,0,0,0,2022-08-14 02:55:00
953,27.15,0,0,0,0,0,2022-08-14 03:00:00
953,27.05,0,0,0,0,0,2022-08-14 03:05:00
953,27.11,0,0,0,0,0,2022-08-14 03:10:00
953,27.06,0,0,0,0,0,2022-08-14 03:15:00
953,26.98,0,0,0,0,0,2022-08-14 03:20:00
953,26.64,0,0,0,0,0,2022-08-14 03:25:00
953,26.87,0,0,0,0,0,2022-08-14 03:30:00
953,26.79,0,0,0,0,0,2022-08-14 03:35:00
953,26.84,0,0,0,0,0,2022-08-14 03:40:00
953,26.76,0,0,0,0,0,2022-08-14 03:45:00
953,26.72,0,0,0,0,0,2022-08-14 03:50:00
953,26.68,0,0,0,0,0,2022-08-14 03:55:00
953,26.71,0,0,0,0,0,2022-08-14 04:00:00
953,26.71,0,0,0,0,0,2022-08-14 04:05:00
953,26.68,0,0,0,0,0,2022-08-14 04:10:00
953,26.75,0,0,0,0,0,2022-08-14 04:15:00
953,26.6,0,0,0,0,0,2022-08-14 04:20:00
953,26.68,0,0,0,0,0,2022-08-14 04:25:00
953,26.67,0,0,0,0,0,2022-08-14 04:30:00
953,26.65,0,0,0,0,0,2022-08-14 04:35:00
953,26.65,0,0,0,0,0,2022-08-14 04:40:00
953,26.64,0,0,0,0,0,2022-08-14 04:45:00
953,26.6,0,0,0,0,0,2022-08-14 04:50:00
953,26.59,0,0,0,0,0,2022-08-14 04:55:00
953,26.55,0,0,0,0,0,2022-08-14 05:00:00
953,26.58,0,0,0,0,0,2022-08-14 05:05:00
953,26.52,0,0,0,0,0,2022-08-14 05:10:00
953,26.55,0,0,0,0,0,2022-08-14 05:15:00
953,26.59,0,0,0,0,0,2022-08-14 05:20:01
953,26.49,0,0,0,0,0,2022-08-14 05:25:00
953,26.52,0,0,0,0,0,2022-08-14 05:30:00
953,26.58,0,0,0,0,0,2022-08-14 05:35:00
953,26.52,0,0,0,0,0,2022-08-14 05:40:00
953,26.5,0,0,0,0,0,2022-08-14 05:45:00
953,26.46,0,0,0,0,0,2022-08-14 05:50:00
953,26.37,0,0,0,0,0,2022-08-14 05:55:00
953,26.38,0,0,0,0,0,2022-08-14 06:00:00
953,26.37,0,0,0,0,0,2022-08-14 06:05:00
953,26.43,0,0,0,0,0,2022-08-14 06:10:00
953,26.4,0,0,0,0,0,2022-08-14 06:15:00
953,26.43,0,0,0,0,0,2022-08-14 06:20:00
953,26.35,0,0,0,0,0,2022-08-14 06:25:00
953,26.37,0,0,0,0,0,2022-08-14 06:30:00
953,26.27,0,0,0,0,0,2022-08-14 06:35:00
953,26.33,0,0,0,0,0,2022-08-14 06:40:00
953,26.33,0,0,0,0,0,2022-08-14 06:45:00
953,26.26,0,0,0,0,0,2022-08-14 06:50:00
953,26.27,0,0,0,0,0,2022-08-14 06:55:00
953,26.26,0,0,0,0,0,2022-08-14 07:00:00
953,26.26,0,0,0,0,0,2022-08-14 07:05:00
953,26.31,0,0,0,0,0,2022-08-14 07:10:00
953,26.2,0,0,0,0,0,2022-08-14 07:15:00
953,26.23,0,0,0,0,0,2022-08-14 07:20:00
953,26.22,0,0,0,0,0,2022-08-14 07:25:00
953,26.23,0,0,0,0,0,2022-08-14 07:30:00
953,26.22,0,0,0,0,0,2022-08-14 07:35:00
953,26.12,0,0,0,0,0,2022-08-14 07:40:00
953,26.13,0,0,0,0,0,2022-08-14 07:45:00
953,26.11,0,0,0,0,0,2022-08-14 07:50:00
953,26.16,0,0,0,0,0,2022-08-14 07:55:00
953,26.22,0,0,0,0,0,2022-08-14 08:00:00
953,26.06,0,0,0,0,0,2022-08-14 08:05:00
953,26.04,0,0,0,0,0,2022-08-14 08:10:00
953,26.19,0,0,0,0,0,2022-08-14 08:15:00
953,26.15,0,0,0,0,0,2022-08-14 08:20:00
953,26.12,0,0,0,0,0,2022-08-14 08:25:00
953,26.16,0,0,0,0,0,2022-08-14 08:30:00
953,26.13,0,0,0,0,0,2022-08-14 08:35:00
953,26.16,0,0,0,0,0,2022-08-14 08:40:00
953,26.03,0,0,0,0,0,2022-08-14 08:45:00
953,26.04,0,0,0,0,0,2022-08-14 08:50:00
953,26.11,0,0,0,0,0,2022-08-14 08:55:00
953,26.11,0,0,0,0,0,2022-08-14 09:00:00
953,26.09,0,0,0,0,0,2022-08-14 09:05:00
953,25.98,0,0,0,0,0,2022-08-14 09:10:00
953,26,0,0,0,0,0,2022-08-14 09:15:00
953,26.01,0,0,0,0,0,2022-08-14 09:20:00
953,26.01,0,0,0,0,0,2022-08-14 09:25:00
953,26,0,0,0,0,0,2022-08-14 09:30:00
953,26.01,0,0,0,0,0,2022-08-14 09:35:00
953,26.01,0,0,0,0,0,2022-08-14 09:40:00
953,25.97,0,0,0,0,0,2022-08-14 09:45:00
953,26.08,0,0,0,0,0,2022-08-14 09:50:00
953,25.98,0,0,0,0,0,2022-08-14 09:55:00
953,25.97,0,0,0,0,0,2022-08-14 10:00:00
953,25.98,0,0,0,0,0,2022-08-14 10:05:00
953,25.97,0,0,0,0,0,2022-08-14 10:10:00
953,26,0,0,0,0,0,2022-08-14 10:15:00
953,26,0,0,0,0,0,2022-08-14 10:20:00
953,25.96,0,0,0,0,0,2022-08-14 10:25:00
953,26.03,0,0,0,0,0,2022-08-14 10:30:00
953,26.01,0,0,0,0,0,2022-08-14 10:35:00
953,26.11,0,0,0,0,0,2022-08-14 10:40:00
953,26,0,0,0,0,0,2022-08-14 10:45:00
953,26.06,0,0,0,0,0,2022-08-14 10:50:00
953,25.98,0,0,0,0,0,2022-08-14 10:55:00
953,25.97,0,0,0,0,0,2022-08-14 11:00:00
953,26.08,0,0,0,0,0,2022-08-14 11:05:00
953,26.12,0,0,0,0,0,2022-08-14 11:10:00
953,26.08,0,0,0,0,0,2022-08-14 11:15:00
953,26.08,0,0,0,0,0,2022-08-14 11:20:00
953,26.09,0,0,0,0,0,2022-08-14 11:25:00
953,26.18,0,0,0,0,0,2022-08-14 11:30:00
953,26.12,0,0,0,0,0,2022-08-14 11:35:00
953,26.18,0,0,0,0,0,2022-08-14 11:40:00
953,26.23,0,0,0,0,0,2022-08-14 11:45:00
953,26.23,0,0,0,0,0,2022-08-14 11:50:00
953,26.22,0,0,0,0,0,2022-08-14 11:55:00
953,26.26,0,0,0,0,0,2022-08-14 12:00:00
953,26.3,0,0,0,0,0,2022-08-14 12:05:00
953,26.38,0,0,0,0,0,2022-08-14 12:10:00
953,26.4,0,0,0,0,0,2022-08-14 12:15:00
953,26.37,0,0,0,0,0,2022-08-14 12:20:00
953,26.34,0,0,0,0,0,2022-08-14 12:25:00
953,26.35,0,0,0,0,0,2022-08-14 12:30:00
953,26.43,0,0,0,0,0,2022-08-14 12:35:00
953,26.34,0,0,0,0,0,2022-08-14 12:40:00
953,26.41,0,0,0,0,0,2022-08-14 12:45:00
953,26.31,0,0,0,0,0,2022-08-14 12:50:00
953,26.34,0,0,0,0,0,2022-08-14 12:55:00
953,26.13,0,0,0,0,0,2022-08-14 13:00:00
953,26.13,0,0,0,0,0,2022-08-14 13:05:00
953,26.22,0,0,0,0,0,2022-08-14 13:10:00
953,26.23,0,0,0,0,0,2022-08-14 13:15:00
953,26.22,0,0,0,0,0,2022-08-14 13:20:00
953,26.19,0,0,0,0,0,2022-08-14 13:25:00
953,26.23,0,0,0,0,0,2022-08-14 13:30:00
953,26.22,0,0,0,0,0,2022-08-14 13:35:00
953,26.23,0,0,0,0,0,2022-08-14 13:40:00
953,26.22,0,0,0,0,0,2022-08-14 13:45:00
953,26.3,0,0,0,0,0,2022-08-14 13:50:00
953,26.3,0,0,0,0,0,2022-08-14 13:55:00
953,26.18,0,0,0,0,0,2022-08-14 14:00:00
953,26.09,0,0,0,0,0,2022-08-14 14:05:00
953,26.12,0,0,0,0,0,2022-08-14 14:10:00
953,26.13,0,0,0,0,0,2022-08-14 14:15:00
953,26.08,0,0,0,0,0,2022-08-14 14:20:00
953,26.08,0,0,0,0,0,2022-08-14 14:25:00
953,26.08,0,0,0,0,0,2022-08-14 14:30:00
953,26.06,0,0,0,0,0,2022-08-14 14:35:00
953,26.12,0,0,0,0,0,2022-08-14 14:40:00
953,26.12,0,0,0,0,0,2022-08-14 14:45:00
953,26.15,0,0,0,0,0,2022-08-14 14:50:00
953,26.08,0,0,0,0,0,2022-08-14 14:55:00
953,26.09,0,0,0,0,0,2022-08-14 15:00:00
953,26.13,0,0,0,0,0,2022-08-14 15:05:00
953,26.12,0,0,0,0,0,2022-08-14 15:10:00
953,26.08,0,0,0,0,0,2022-08-14 15:15:00
953,26.13,0,0,0,0,0,2022-08-14 15:20:00
953,26.09,0,0,0,0,0,2022-08-14 15:25:00
953,26,0,0,0,0,0,2022-08-14 15:30:00
953,25.97,0,0,0,0,0,2022-08-14 15:35:00
953,25.98,0,0,0,0,0,2022-08-14 15:40:00
953,26,0,0,0,0,0,2022-08-14 15:45:00
953,25.98,0,0,0,0,0,2022-08-14 15:50:00
953,25.96,0,0,0,0,0,2022-08-14 15:55:00
953,25.97,0,0,0,0,0,2022-08-14 16:00:00
953,25.96,0,0,0,0,0,2022-08-14 16:05:00
953,26,0,0,0,0,0,2022-08-14 16:10:00
953,25.91,0,0,0,0,0,2022-08-14 16:15:00
953,25.9,0,0,0,0,0,2022-08-14 16:20:00
953,25.86,0,0,0,0,0,2022-08-14 16:25:00
953,25.94,0,0,0,0,0,2022-08-14 16:30:00
953,25.86,0,0,0,0,0,2022-08-14 16:35:00
953,25.83,0,0,0,0,0,2022-08-14 16:40:00
953,25.93,0,0,0,0,0,2022-08-14 16:45:00
953,25.85,0,0,0,0,0,2022-08-14 16:50:00
953,25.9,0,0,0,0,0,2022-08-14 16:55:00
953,25.98,0,0,0,0,0,2022-08-14 17:00:00
953,25.98,0,0,0,0,0,2022-08-14 17:05:00
953,25.85,0,0,0,0,0,2022-08-14 17:10:00
953,25.96,0,0,0,0,0,2022-08-14 17:15:00
953,25.94,0,0,0,0,0,2022-08-14 17:20:00
953,26.01,0,0,0,0,0,2022-08-14 17:25:00
953,25.98,0,0,0,0,0,2022-08-14 17:30:00
953,26.01,0,0,0,0,0,2022-08-14 17:35:00
953,25.94,0,0,0,0,0,2022-08-14 17:40:00
953,25.98,0,0,0,0,0,2022-08-14 17:45:00
953,26.03,0,0,0,0,0,2022-08-14 17:50:00
953,25.89,0,0,0,0,0,2022-08-14 17:55:00
953,25.83,0,0,0,0,0,2022-08-14 18:00:00
953,26.09,0,0,0,0,0,2022-08-14 18:05:00
953,25.85,0,0,0,0,0,2022-08-14 18:10:00
953,25.94,0,0,0,0,0,2022-08-14 18:15:00
953,25.93,0,0,0,0,0,2022-08-14 18:20:00
953,25.86,0,0,0,0,0,2022-08-14 18:25:00
953,25.86,0,0,0,0,0,2022-08-14 18:30:00
953,25.89,0,0,0,0,0,2022-08-14 18:35:00
953,25.89,0,0,0,0,0,2022-08-14 18:40:00
953,25.89,0,0,0,0,0,2022-08-14 18:45:00
953,25.79,0,0,0,0,0,2022-08-14 18:50:00
953,25.76,0,0,0,0,0,2022-08-14 18:55:00
953,25.74,0,0,0,0,0,2022-08-14 19:00:00
953,25.75,0,0,0,0,0,2022-08-14 19:05:00
953,25.78,0,0,0,0,0,2022-08-14 19:10:00
953,25.78,0,0,0,0,0,2022-08-14 19:15:00
953,25.75,0,0,0,0,0,2022-08-14 19:20:00
953,25.66,0,0,0,0,0,2022-08-14 19:25:00
953,25.72,0,0,0,0,0,2022-08-14 19:30:00
953,25.69,0,0,0,0,0,2022-08-14 19:35:00
953,25.66,0,0,0,0,0,2022-08-14 19:40:00
953,25.61,0,0,0,0,0,2022-08-14 19:45:00
953,25.56,0,0,0,0,0,2022-08-14 19:50:00
953,25.49,0,0,0,0,0,2022-08-14 19:55:00
953,25.56,0,0,0,0,0,2022-08-14 20:00:00
953,25.41,0,0,0,0,0,2022-08-14 20:05:00
953,25.41,0,0,0,0,0,2022-08-14 20:10:00
953,25.45,0,0,0,0,0,2022-08-14 20:15:00
953,25.36,0,0,0,0,0,2022-08-14 20:20:00
953,25.29,0,0,0,0,0,2022-08-14 20:25:00
953,25.25,0,0,0,0,0,2022-08-14 20:30:00
953,25.16,0,0,0,0,0,2022-08-14 20:35:00
953,25.18,0,0,0,0,0,2022-08-14 20:40:00
953,25.06,0,0,0,0,0,2022-08-14 20:45:00
953,25.11,0,0,0,0,0,2022-08-14 20:50:00
953,25.01,0,0,0,0,0,2022-08-14 20:55:00
953,24.96,0,0,0,0,0,2022-08-14 21:00:00
953,25.01,0,0,0,0,0,2022-08-14 21:05:00
953,24.88,0,0,0,0,0,2022-08-14 21:10:00
953,25.03,0,0,0,0,0,2022-08-14 21:15:00
953,24.98,0,0,0,0,0,2022-08-14 21:20:00
953,25.06,0,0,0,0,0,2022-08-14 21:25:00
953,25.06,0,0,0,0,0,2022-08-14 21:30:00
953,25.15,0,0,0,0,0,2022-08-14 21:35:00
953,25.08,0,0,0,0,0,2022-08-14 21:40:00
953,25.08,0,0,0,0,0,2022-08-14 21:45:00
953,25.08,0,0,0,0,0,2022-08-14 21:50:00
953,25.1,0,0,0,0,0,2022-08-14 21:55:00
953,25.19,0,0,0,0,0,2022-08-14 22:00:00
953,25.1,0,0,0,0,0,2022-08-14 22:05:00
953,25.04,0,0,0,0,0,2022-08-14 22:10:00
953,25.1,0,0,0,0,0,2022-08-14 22:15:00
953,25.1,0,0,0,0,0,2022-08-14 22:20:00
953,25.06,0,0,0,0,0,2022-08-14 22:25:00
953,25.13,0,0,0,0,0,2022-08-14 22:30:00
953,25.08,0,0,0,0,0,2022-08-14 22:35:00
953,25.15,0,0,0,0,0,2022-08-14 22:40:00
953,25.1,0,0,0,0,0,2022-08-14 22:45:00
953,25.07,0,0,0,0,0,2022-08-14 22:50:00
953,25.11,0,0,0,0,0,2022-08-14 22:55:00
953,25.1,0,0,0,0,0,2022-08-14 23:00:00
953,25.13,0,0,0,0,0,2022-08-14 23:05:00
953,25.07,0,0,0,0,0,2022-08-14 23:10:00
953,25.04,0,0,0,0,0,2022-08-14 23:15:00
953,25.04,0,0,0,0,0,2022-08-14 23:20:00
953,24.93,0,0,0,0,0,2022-08-14 23:25:00
953,25.03,0,0,0,0,0,2022-08-14 23:30:00
953,25.01,0,0,0,0,0,2022-08-14 23:35:00
953,24.98,0,0,0,0,0,2022-08-14 23:40:00
953,25.01,0,0,0,0,0,2022-08-14 23:45:00
953,25.03,0,0,0,0,0,2022-08-14 23:50:00
953,25.03,0,0,0,0,0,2022-08-14 23:55:00
953,25.01,0,0,0,0,0,2022-08-15 00:00:00
953,25.03,0,0,0,0,0,2022-08-15 00:05:00
953,25,0,0,0,0,0,2022-08-15 00:10:00
953,25,0,0,0,0,0,2022-08-15 00:15:00
953,25.03,0,0,0,0,0,2022-08-15 00:20:00
953,25,0,0,0,0,0,2022-08-15 00:25:00
953,25,0,0,0,0,0,2022-08-15 00:30:00
953,25.01,0,0,0,0,0,2022-08-15 00:35:00
953,25.03,0,0,0,0,0,2022-08-15 00:40:00
953,25.03,0,0,0,0,0,2022-08-15 00:45:00
953,25.01,0,0,0,0,0,2022-08-15 00:50:00
953,24.96,0,0,0,0,0,2022-08-15 00:55:00
953,24.91,0,0,0,0,0,2022-08-15 01:00:00
953,24.88,0,0,0,0,0,2022-08-15 01:05:00
953,24.96,0,0,0,0,0,2022-08-15 01:10:00
953,24.92,0,0,0,0,0,2022-08-15 01:15:00
953,24.92,0,0,0,0,0,2022-08-15 01:20:00
953,24.93,0,0,0,0,0,2022-08-15 01:25:00
953,24.86,0,0,0,0,0,2022-08-15 01:30:00
953,24.88,0,0,0,0,0,2022-08-15 01:35:00
953,24.88,0,0,0,0,0,2022-08-15 01:40:00
953,24.86,0,0,0,0,0,2022-08-15 01:45:00
953,24.86,0,0,0,0,0,2022-08-15 01:50:00
953,24.88,0,0,0,0,0,2022-08-15 01:55:00
953,24.82,0,0,0,0,0,2022-08-15 02:00:00
953,24.88,0,0,0,0,0,2022-08-15 02:05:00
953,24.76,0,0,0,0,0,2022-08-15 02:10:00
953,24.81,0,0,0,0,0,2022-08-15 02:15:00
953,24.79,0,0,0,0,0,2022-08-15 02:20:00
953,24.91,0,0,0,0,0,2022-08-15 02:25:00
953,24.89,0,0,0,0,0,2022-08-15 02:30:00
953,24.82,0,0,0,0,0,2022-08-15 02:35:00
953,24.76,0,0,0,0,0,2022-08-15 02:40:00
953,24.78,0,0,0,0,0,2022-08-15 02:45:00
953,24.82,0,0,0,0,0,2022-08-15 02:50:00
953,24.86,0,0,0,0,0,2022-08-15 02:55:00
953,24.79,0,0,0,0,0,2022-08-15 03:00:00
953,24.79,0,0,0,0,0,2022-08-15 03:05:00
953,24.71,0,0,0,0,0,2022-08-15 03:10:00
953,24.74,0,0,0,0,0,2022-08-15 03:15:00
953,24.71,0,0,0,0,0,2022-08-15 03:20:00
953,24.7,0,0,0,0,0,2022-08-15 03:25:00
953,24.76,0,0,0,0,0,2022-08-15 03:30:00
953,24.67,0,0,0,0,0,2022-08-15 03:35:00
953,24.7,0,0,0,0,0,2022-08-15 03:40:00
953,24.68,0,0,0,0,0,2022-08-15 03:45:00
953,24.74,0,0,0,0,0,2022-08-15 03:50:00
953,24.71,0,0,0,0,0,2022-08-15 03:55:00
953,24.67,0,0,0,0,0,2022-08-15 04:00:00
953,24.6,0,0,0,0,0,2022-08-15 04:05:00
953,24.73,0,0,0,0,0,2022-08-15 04:10:00
953,24.7,0,0,0,0,0,2022-08-15 04:15:00
953,24.59,0,0,0,0,0,2022-08-15 04:20:00
953,24.7,0,0,0,0,0,2022-08-15 04:25:00
953,24.63,0,0,0,0,0,2022-08-15 04:30:00
953,24.61,0,0,0,0,0,2022-08-15 04:35:00
953,24.53,0,0,0,0,0,2022-08-15 04:40:00
953,24.61,0,0,0,0,0,2022-08-15 04:45:00
953,24.6,0,0,0,0,0,2022-08-15 04:50:00
953,24.7,0,0,0,0,0,2022-08-15 04:55:00
953,24.64,0,0,0,0,0,2022-08-15 05:00:00
953,24.66,0,0,0,0,0,2022-08-15 05:05:00
953,24.7,0,0,0,0,0,2022-08-15 05:10:00
953,24.56,0,0,0,0,0,2022-08-15 05:15:00
953,24.66,0,0,0,0,0,2022-08-15 05:20:00
953,24.46,0,0,0,0,0,2022-08-15 05:25:00
953,24.56,0,0,0,0,0,2022-08-15 05:30:00
953,24.6,0,0,0,0,0,2022-08-15 05:35:00
953,24.51,0,0,0,0,0,2022-08-15 05:40:00
953,24.56,0,0,0,0,0,2022-08-15 05:45:00
953,24.49,0,0,0,0,0,2022-08-15 05:50:00
953,24.53,0,0,0,0,0,2022-08-15 05:55:00
953,24.56,0,0,0,0,0,2022-08-15 06:00:00
953,24.52,0,0,0,0,0,2022-08-15 06:05:00
953,24.51,0,0,0,0,0,2022-08-15 06:10:00
953,24.51,0,0,0,0,0,2022-08-15 06:15:00
953,24.51,0,0,0,0,0,2022-08-15 06:20:00
953,24.41,0,0,0,0,0,2022-08-15 06:25:00
953,24.42,0,0,0,0,0,2022-08-15 06:30:00
953,24.39,0,0,0,0,0,2022-08-15 06:35:00
953,24.33,0,0,0,0,0,2022-08-15 06:40:00
953,24.29,0,0,0,0,0,2022-08-15 06:45:00
953,24.36,0,0,0,0,0,2022-08-15 06:50:00
953,24.27,0,0,0,0,0,2022-08-15 06:55:00
953,24.33,0,0,0,0,0,2022-08-15 07:00:00
953,24.33,0,0,0,0,0,2022-08-15 07:05:00
953,24.26,0,0,0,0,0,2022-08-15 07:10:00
953,24.24,0,0,0,0,0,2022-08-15 07:15:00
953,24.23,0,0,0,0,0,2022-08-15 07:20:00
953,24.19,0,0,0,0,0,2022-08-15 07:25:00
953,24.15,0,0,0,0,0,2022-08-15 07:30:00
953,24.14,0,0,0,0,0,2022-08-15 07:35:00
953,24.16,0,0,0,0,0,2022-08-15 07:40:01
953,23.96,0,0,0,0,0,2022-08-15 07:45:00
953,24.05,0,0,0,0,0,2022-08-15 07:50:00
953,24.04,0,0,0,0,0,2022-08-15 07:55:00
953,24,0,0,0,0,0,2022-08-15 08:00:00
953,23.97,0,0,0,0,0,2022-08-15 08:05:00
953,23.89,0,0,0,0,0,2022-08-15 08:10:00
953,23.89,0,0,0,0,0,2022-08-15 08:15:00
953,23.94,0,0,0,0,0,2022-08-15 08:20:00
953,23.99,0,0,0,0,0,2022-08-15 08:25:00
953,23.93,0,0,0,0,0,2022-08-15 08:30:00
953,23.92,0,0,0,0,0,2022-08-15 08:35:00
953,23.9,0,0,0,0,0,2022-08-15 08:40:00
953,23.94,0,0,0,0,0,2022-08-15 08:45:00
953,24,0,0,0,0,0,2022-08-15 08:50:00
953,23.93,0,0,0,0,0,2022-08-15 08:55:00
953,23.97,0,0,0,0,0,2022-08-15 09:00:00
953,23.93,0,0,0,0,0,2022-08-15 09:05:00
953,23.92,0,0,0,0,0,2022-08-15 09:10:00
953,23.99,0,0,0,0,0,2022-08-15 09:15:00
953,23.94,0,0,0,0,0,2022-08-15 09:20:00
953,23.93,0,0,0,0,0,2022-08-15 09:25:00
953,23.99,0,0,0,0,0,2022-08-15 09:30:00
953,23.99,0,0,0,0,0,2022-08-15 09:35:00
953,23.94,0,0,0,0,0,2022-08-15 09:40:00
953,24.02,0,0,0,0,0,2022-08-15 09:45:00
953,23.92,0,0,0,0,0,2022-08-15 09:50:00
953,23.97,0,0,0,0,0,2022-08-15 09:55:00
953,24.04,0,0,0,0,0,2022-08-15 10:00:00
953,24.05,0,0,0,0,0,2022-08-15 10:05:00
953,24.02,0,0,0,0,0,2022-08-15 10:10:00
953,24,0,0,0,0,0,2022-08-15 10:15:00
953,23.9,0,0,0,0,0,2022-08-15 10:20:00
953,23.93,0,0,0,0,0,2022-08-15 10:25:00
953,23.93,0,0,0,0,0,2022-08-15 10:30:00
953,23.93,0,0,0,0,0,2022-08-15 10:35:00
953,23.9,0,0,0,0,0,2022-08-15 10:40:00
953,24.05,0,0,0,0,0,2022-08-15 10:45:00
953,23.83,0,0,0,0,0,2022-08-15 10:50:00
953,23.92,0,0,0,0,0,2022-08-15 10:55:00
953,23.92,0,0,0,0,0,2022-08-15 11:00:00
953,23.92,0,0,0,0,0,2022-08-15 11:05:00
953,23.94,0,0,0,0,0,2022-08-15 11:10:00
953,23.99,0,0,0,0,0,2022-08-15 11:15:00
953,23.96,0,0,0,0,0,2022-08-15 11:20:00
953,24,0,0,0,0,0,2022-08-15 11:25:00
953,24.08,0,0,0,0,0,2022-08-15 11:30:00
953,23.97,0,0,0,0,0,2022-08-15 11:35:00
953,24,0,0,0,0,0,2022-08-15 11:40:00
953,24.09,0,0,0,0,0,2022-08-15 11:45:00
953,23.96,0,0,0,0,0,2022-08-15 11:50:00
953,24.08,0,0,0,0,0,2022-08-15 11:55:00
953,24.05,0,0,0,0,0,2022-08-15 12:00:00
953,24.11,0,0,0,0,0,2022-08-15 12:05:00
953,24.02,0,0,0,0,0,2022-08-15 12:10:00
953,24.11,0,0,0,0,0,2022-08-15 12:15:00
953,24.16,0,0,0,0,0,2022-08-15 12:20:00
953,24.06,0,0,0,0,0,2022-08-15 12:25:00
953,24.05,0,0,0,0,0,2022-08-15 12:30:00
953,23.99,0,0,0,0,0,2022-08-15 12:35:00
953,24.09,0,0,0,0,0,2022-08-15 12:40:00
953,24.02,0,0,0,0,0,2022-08-15 12:45:00
953,24.09,0,0,0,0,0,2022-08-15 12:50:00
953,24.08,0,0,0,0,0,2022-08-15 12:55:00
953,24.02,0,0,0,0,0,2022-08-15 13:00:00
953,23.99,0,0,0,0,0,2022-08-15 13:05:00
953,24.02,0,0,0,0,0,2022-08-15 13:10:00
953,24.08,0,0,0,0,0,2022-08-15 13:15:00
953,24.09,0,0,0,0,0,2022-08-15 13:20:00
953,24.24,0,0,0,0,0,2022-08-15 13:25:00
953,24.19,0,0,0,0,0,2022-08-15 13:30:00
953,24.21,0,0,0,0,0,2022-08-15 13:35:00
953,24.31,0,0,0,0,0,2022-08-15 13:40:00
953,24.31,0,0,0,0,0,2022-08-15 13:45:00
953,24.3,0,0,0,0,0,2022-08-15 13:50:00
953,24.39,0,0,0,0,0,2022-08-15 13:55:00
953,24.3,0,0,0,0,0,2022-08-15 14:00:00
953,24.37,0,0,0,0,0,2022-08-15 14:05:00
953,24.39,0,0,0,0,0,2022-08-15 14:10:00
953,24.42,0,0,0,0,0,2022-08-15 14:15:00
953,24.33,0,0,0,0,0,2022-08-15 14:20:00
953,24.36,0,0,0,0,0,2022-08-15 14:25:00
953,24.61,0,0,0,0,0,2022-08-15 14:30:00
953,24.61,0,0,0,0,0,2022-08-15 14:35:00
953,24.6,0,0,0,0,0,2022-08-15 14:40:00
953,24.63,0,0,0,0,0,2022-08-15 14:45:00
953,24.42,0,0,0,0,0,2022-08-15 14:50:00
953,24.46,0,0,0,0,0,2022-08-15 14:55:00
953,24.52,0,0,0,0,0,2022-08-15 15:00:00
953,24.56,0,0,0,0,0,2022-08-15 15:05:00
953,24.59,0,0,0,0,0,2022-08-15 15:10:00
953,24.61,0,0,0,0,0,2022-08-15 15:15:00
953,24.63,0,0,0,0,0,2022-08-15 15:20:00
953,24.49,0,0,0,0,0,2022-08-15 15:25:00
953,24.66,0,0,0,0,0,2022-08-15 15:30:00
953,24.53,0,0,0,0,0,2022-08-15 15:35:00
953,24.6,0,0,0,0,0,2022-08-15 15:40:00
953,24.7,0,0,0,0,0,2022-08-15 15:45:00
953,24.79,0,0,0,0,0,2022-08-15 15:50:00
953,24.81,0,0,0,0,0,2022-08-15 15:55:00
953,24.76,0,0,0,0,0,2022-08-15 16:00:00
953,24.81,0,0,0,0,0,2022-08-15 16:05:00
953,24.76,0,0,0,0,0,2022-08-15 16:10:00
953,24.86,0,0,0,0,0,2022-08-15 16:15:00
953,24.78,0,0,0,0,0,2022-08-15 16:20:00
953,24.83,0,0,0,0,0,2022-08-15 16:25:00
953,24.79,0,0,0,0,0,2022-08-15 16:30:00
953,24.89,0,0,0,0,0,2022-08-15 16:35:00
953,24.86,0,0,0,0,0,2022-08-15 16:40:00
953,24.92,0,0,0,0,0,2022-08-15 16:45:00
953,24.97,0,0,0,0,0,2022-08-15 16:50:00
953,24.91,0,0,0,0,0,2022-08-15 16:55:00
953,25.01,0,0,0,0,0,2022-08-15 17:00:00
953,25.03,0,0,0,0,0,2022-08-15 17:05:01
953,24.98,0,0,0,0,0,2022-08-15 17:10:00
953,25.04,0,0,0,0,0,2022-08-15 17:15:00
953,25.01,0,0,0,0,0,2022-08-15 17:20:00
953,24.98,0,0,0,0,0,2022-08-15 17:25:00
953,25.06,0,0,0,0,0,2022-08-15 17:30:00
953,25.04,0,0,0,0,0,2022-08-15 17:35:00
953,25,0,0,0,0,0,2022-08-15 17:40:00
953,25.01,0,0,0,0,0,2022-08-15 17:45:00
953,25.01,0,0,0,0,0,2022-08-15 17:50:01
953,24.97,0,0,0,0,0,2022-08-15 17:55:00
953,25.1,0,0,0,0,0,2022-08-15 18:00:00
953,24.97,0,0,0,0,0,2022-08-15 18:05:00
953,25.06,0,0,0,0,0,2022-08-15 18:10:00
953,25.04,0,0,0,0,0,2022-08-15 18:15:00
953,25.01,0,0,0,0,0,2022-08-15 18:20:00
953,25.01,0,0,0,0,0,2022-08-15 18:25:00
953,25,0,0,0,0,0,2022-08-15 18:30:00
953,25.01,0,0,0,0,0,2022-08-15 18:35:00
953,25.06,0,0,0,0,0,2022-08-15 18:40:00
953,25.03,0,0,0,0,0,2022-08-15 18:45:00
953,24.92,0,0,0,0,0,2022-08-15 18:50:00
953,24.98,0,0,0,0,0,2022-08-15 18:55:00
953,24.86,0,0,0,0,0,2022-08-15 19:00:00
953,24.97,0,0,0,0,0,2022-08-15 19:05:00
953,24.93,0,0,0,0,0,2022-08-15 19:10:00
953,24.86,0,0,0,0,0,2022-08-15 19:15:00
953,24.97,0,0,0,0,0,2022-08-15 19:20:00
953,24.92,0,0,0,0,0,2022-08-15 19:25:00
953,24.92,0,0,0,0,0,2022-08-15 19:30:00
953,24.92,0,0,0,0,0,2022-08-15 19:35:00
953,24.96,0,0,0,0,0,2022-08-15 19:40:00
953,24.92,0,0,0,0,0,2022-08-15 19:45:00
953,24.91,0,0,0,0,0,2022-08-15 19:50:00
953,24.88,0,0,0,0,0,2022-08-15 19:55:00
953,24.79,0,0,0,0,0,2022-08-15 20:00:00
953,24.83,0,0,0,0,0,2022-08-15 20:05:00
953,24.85,0,0,0,0,0,2022-08-15 20:10:00
953,24.83,0,0,0,0,0,2022-08-15 20:15:00
953,24.79,0,0,0,0,0,2022-08-15 20:20:00
953,24.67,0,0,0,0,0,2022-08-15 20:25:00
953,24.79,0,0,0,0,0,2022-08-15 20:30:00
953,24.71,0,0,0,0,0,2022-08-15 20:35:00
953,24.74,0,0,0,0,0,2022-08-15 20:40:00
953,24.76,0,0,0,0,0,2022-08-15 20:45:00
953,24.73,0,0,0,0,0,2022-08-15 20:50:00
953,24.7,0,0,0,0,0,2022-08-15 20:55:00
953,24.68,0,0,0,0,0,2022-08-15 21:00:00
953,24.64,0,0,0,0,0,2022-08-15 21:05:00
953,24.68,0,0,0,0,0,2022-08-15 21:10:00
953,24.56,0,0,0,0,0,2022-08-15 21:15:00
953,24.53,0,0,0,0,0,2022-08-15 21:20:00
953,24.64,0,0,0,0,0,2022-08-15 21:25:00
953,24.53,0,0,0,0,0,2022-08-15 21:30:00
953,24.6,0,0,0,0,0,2022-08-15 21:35:00
953,24.61,0,0,0,0,0,2022-08-15 21:40:00
953,24.52,0,0,0,0,0,2022-08-15 21:45:00
953,24.52,0,0,0,0,0,2022-08-15 21:50:00
953,24.63,0,0,0,0,0,2022-08-15 21:55:00
953,24.63,0,0,0,0,0,2022-08-15 22:00:00
953,24.66,0,0,0,0,0,2022-08-15 22:05:00
953,24.56,0,0,0,0,0,2022-08-15 22:10:00
953,24.55,0,0,0,0,0,2022-08-15 22:15:00
953,24.56,0,0,0,0,0,2022-08-15 22:20:00
953,24.7,0,0,0,0,0,2022-08-15 22:25:00
953,24.59,0,0,0,0,0,2022-08-15 22:30:00
953,24.66,0,0,0,0,0,2022-08-15 22:35:00
953,24.73,0,0,0,0,0,2022-08-15 22:40:00
953,24.71,0,0,0,0,0,2022-08-15 22:45:00
953,24.71,0,0,0,0,0,2022-08-15 22:50:00
953,24.67,0,0,0,0,0,2022-08-15 22:55:00
953,24.73,0,0,0,0,0,2022-08-15 23:00:00
953,24.74,0,0,0,0,0,2022-08-15 23:05:00
953,24.67,0,0,0,0,0,2022-08-15 23:10:00
953,24.73,0,0,0,0,0,2022-08-15 23:15:00
953,24.73,0,0,0,0,0,2022-08-15 23:20:00
953,24.63,0,0,0,0,0,2022-08-15 23:25:00
953,24.71,0,0,0,0,0,2022-08-15 23:30:00
953,24.73,0,0,0,0,0,2022-08-15 23:35:00
953,24.74,0,0,0,0,0,2022-08-15 23:40:00
953,24.78,0,0,0,0,0,2022-08-15 23:45:00
953,24.68,0,0,0,0,0,2022-08-15 23:50:00
953,24.73,0,0,0,0,0,2022-08-15 23:55:00
953,24.63,0,0,0,0,0,2022-08-16 00:00:00
953,24.71,0,0,0,0,0,2022-08-16 00:05:00
953,24.73,0,0,0,0,0,2022-08-16 00:10:00
953,24.7,0,0,0,0,0,2022-08-16 00:15:00
953,24.73,0,0,0,0,0,2022-08-16 00:20:00
953,24.66,0,0,0,0,0,2022-08-16 00:25:00
953,24.7,0,0,0,0,0,2022-08-16 00:30:00
953,24.81,0,0,0,0,0,2022-08-16 00:35:00
953,24.79,0,0,0,0,0,2022-08-16 00:40:00
953,24.7,0,0,0,0,0,2022-08-16 00:45:00
953,24.73,0,0,0,0,0,2022-08-16 00:50:00
953,24.68,0,0,0,0,0,2022-08-16 00:55:00
953,24.7,0,0,0,0,0,2022-08-16 01:00:00
953,24.59,0,0,0,0,0,2022-08-16 01:05:00
953,24.68,0,0,0,0,0,2022-08-16 01:10:00
953,24.67,0,0,0,0,0,2022-08-16 01:15:00
953,24.73,0,0,0,0,0,2022-08-16 01:20:00
953,24.67,0,0,0,0,0,2022-08-16 01:25:00
953,24.59,0,0,0,0,0,2022-08-16 01:30:00
953,24.7,0,0,0,0,0,2022-08-16 01:35:00
953,24.63,0,0,0,0,0,2022-08-16 01:40:00
953,24.55,0,0,0,0,0,2022-08-16 01:45:00
953,24.64,0,0,0,0,0,2022-08-16 01:50:00
953,24.66,0,0,0,0,0,2022-08-16 01:55:00
953,24.61,0,0,0,0,0,2022-08-16 02:00:00
953,24.6,0,0,0,0,0,2022-08-16 02:05:00
953,24.6,0,0,0,0,0,2022-08-16 02:10:00
953,24.61,0,0,0,0,0,2022-08-16 02:15:00
953,24.64,0,0,0,0,0,2022-08-16 02:20:00
953,24.48,0,0,0,0,0,2022-08-16 02:25:01
953,24.56,0,0,0,0,0,2022-08-16 02:30:00
953,24.48,0,0,0,0,0,2022-08-16 02:35:00
953,24.52,0,0,0,0,0,2022-08-16 02:40:00
953,24.52,0,0,0,0,0,2022-08-16 02:45:00
953,24.61,0,0,0,0,0,2022-08-16 02:50:00
953,24.42,0,0,0,0,0,2022-08-16 02:55:00
953,24.52,0,0,0,0,0,2022-08-16 03:00:00
953,24.53,0,0,0,0,0,2022-08-16 03:05:00
953,24.55,0,0,0,0,0,2022-08-16 03:10:00
953,24.39,0,0,0,0,0,2022-08-16 03:15:00
953,24.51,0,0,0,0,0,2022-08-16 03:20:00
953,24.51,0,0,0,0,0,2022-08-16 03:25:00
953,24.39,0,0,0,0,0,2022-08-16 03:30:00
953,24.39,0,0,0,0,0,2022-08-16 03:35:00
953,24.39,0,0,0,0,0,2022-08-16 03:40:00
953,24.52,0,0,0,0,0,2022-08-16 03:45:00
953,24.41,0,0,0,0,0,2022-08-16 03:50:00
953,24.45,0,0,0,0,0,2022-08-16 03:55:00
953,24.39,0,0,0,0,0,2022-08-16 04:00:00
953,24.41,0,0,0,0,0,2022-08-16 04:05:00
953,24.41,0,0,0,0,0,2022-08-16 04:10:00
953,24.3,0,0,0,0,0,2022-08-16 04:15:00
953,24.46,0,0,0,0,0,2022-08-16 04:20:00
953,24.46,0,0,0,0,0,2022-08-16 04:25:00
953,24.31,0,0,0,0,0,2022-08-16 04:30:00
953,24.33,0,0,0,0,0,2022-08-16 04:35:00
953,24.29,0,0,0,0,0,2022-08-16 04:40:00
953,24.27,0,0,0,0,0,2022-08-16 04:45:00
953,24.3,0,0,0,0,0,2022-08-16 04:50:00
953,24.18,0,0,0,0,0,2022-08-16 04:55:00
953,24.36,0,0,0,0,0,2022-08-16 05:00:00
953,24.27,0,0,0,0,0,2022-08-16 05:05:00
953,24.26,0,0,0,0,0,2022-08-16 05:10:00
953,24.3,0,0,0,0,0,2022-08-16 05:15:00
953,24.31,0,0,0,0,0,2022-08-16 05:20:00
953,24.34,0,0,0,0,0,2022-08-16 05:25:00
953,24.26,0,0,0,0,0,2022-08-16 05:30:00
953,24.24,0,0,0,0,0,2022-08-16 05:35:00
953,24.29,0,0,0,0,0,2022-08-16 05:40:00
953,24.18,0,0,0,0,0,2022-08-16 05:45:00
953,24.27,0,0,0,0,0,2022-08-16 05:50:00
953,24.16,0,0,0,0,0,2022-08-16 05:55:00
953,24.19,0,0,0,0,0,2022-08-16 06:00:00
953,24.19,0,0,0,0,0,2022-08-16 06:05:00
953,24.18,0,0,0,0,0,2022-08-16 06:10:00
953,24.14,0,0,0,0,0,2022-08-16 06:15:00
953,24.12,0,0,0,0,0,2022-08-16 06:20:00
953,24.14,0,0,0,0,0,2022-08-16 06:25:00
953,24.06,0,0,0,0,0,2022-08-16 06:30:00
953,24.15,0,0,0,0,0,2022-08-16 06:35:00
953,24.04,0,0,0,0,0,2022-08-16 06:40:00
953,24.11,0,0,0,0,0,2022-08-16 06:45:00
953,24.14,0,0,0,0,0,2022-08-16 06:50:00
953,24.06,0,0,0,0,0,2022-08-16 06:55:00
953,24.09,0,0,0,0,0,2022-08-16 07:00:00
953,24.04,0,0,0,0,0,2022-08-16 07:05:00
953,24.04,0,0,0,0,0,2022-08-16 07:10:00
953,23.99,0,0,0,0,0,2022-08-16 07:15:00
953,24.04,0,0,0,0,0,2022-08-16 07:20:00
953,24.04,0,0,0,0,0,2022-08-16 07:25:00
953,24,0,0,0,0,0,2022-08-16 07:30:00
953,23.97,0,0,0,0,0,2022-08-16 07:35:00
953,23.94,0,0,0,0,0,2022-08-16 07:40:00
953,24.02,0,0,0,0,0,2022-08-16 07:45:00
953,23.89,0,0,0,0,0,2022-08-16 07:50:00
953,24,0,0,0,0,0,2022-08-16 07:55:00
953,23.97,0,0,0,0,0,2022-08-16 08:00:00
953,23.9,0,0,0,0,0,2022-08-16 08:05:00
953,23.9,0,0,0,0,0,2022-08-16 08:10:00
953,24.02,0,0,0,0,0,2022-08-16 08:15:00
953,23.9,0,0,0,0,0,2022-08-16 08:20:00
953,23.85,0,0,0,0,0,2022-08-16 08:25:00
953,23.96,0,0,0,0,0,2022-08-16 08:30:00
953,23.86,0,0,0,0,0,2022-08-16 08:35:00
953,23.94,0,0,0,0,0,2022-08-16 08:40:00
953,23.89,0,0,0,0,0,2022-08-16 08:45:00
953,23.9,0,0,0,0,0,2022-08-16 08:50:00
953,23.83,0,0,0,0,0,2022-08-16 08:55:00
953,23.9,0,0,0,0,0,2022-08-16 09:00:00
953,23.85,0,0,0,0,0,2022-08-16 09:05:00
953,23.89,0,0,0,0,0,2022-08-16 09:10:00
953,23.85,0,0,0,0,0,2022-08-16 09:15:00
953,23.86,0,0,0,0,0,2022-08-16 09:20:00
953,23.9,0,0,0,0,0,2022-08-16 09:25:00
953,23.94,0,0,0,0,0,2022-08-16 09:30:00
953,23.97,0,0,0,0,0,2022-08-16 09:35:00
953,23.97,0,0,0,0,0,2022-08-16 09:40:00
953,23.97,0,0,0,0,0,2022-08-16 09:45:00
953,23.96,0,0,0,0,0,2022-08-16 09:50:00
953,23.97,0,0,0,0,0,2022-08-16 09:55:00
953,23.99,0,0,0,0,0,2022-08-16 10:00:00
953,24.05,0,0,0,0,0,2022-08-16 10:05:00
953,23.99,0,0,0,0,0,2022-08-16 10:10:00
953,24.05,0,0,0,0,0,2022-08-16 10:15:00
953,24.04,0,0,0,0,0,2022-08-16 10:20:00
953,24.02,0,0,0,0,0,2022-08-16 10:25:00
953,23.92,0,0,0,0,0,2022-08-16 10:30:00
953,24.02,0,0,0,0,0,2022-08-16 10:35:00
953,23.97,0,0,0,0,0,2022-08-16 10:40:00
953,24.04,0,0,0,0,0,2022-08-16 10:45:00
953,24.05,0,0,0,0,0,2022-08-16 10:50:00
953,24.04,0,0,0,0,0,2022-08-16 10:55:00
953,24.05,0,0,0,0,0,2022-08-16 11:00:00
953,24.09,0,0,0,0,0,2022-08-16 11:05:00
953,24.05,0,0,0,0,0,2022-08-16 11:10:00
953,24.05,0,0,0,0,0,2022-08-16 11:15:00
953,24.08,0,0,0,0,0,2022-08-16 11:20:00
953,24.06,0,0,0,0,0,2022-08-16 11:25:00
953,24.12,0,0,0,0,0,2022-08-16 11:30:00
953,24.06,0,0,0,0,0,2022-08-16 11:35:00
953,24.06,0,0,0,0,0,2022-08-16 11:40:00
953,24.14,0,0,0,0,0,2022-08-16 11:45:00
953,24.15,0,0,0,0,0,2022-08-16 11:50:00
953,24.09,0,0,0,0,0,2022-08-16 11:55:00
953,24.19,0,0,0,0,0,2022-08-16 12:00:00
953,24.18,0,0,0,0,0,2022-08-16 12:05:00
953,24.11,0,0,0,0,0,2022-08-16 12:10:00
953,24.15,0,0,0,0,0,2022-08-16 12:15:00
953,24.18,0,0,0,0,0,2022-08-16 12:20:00
953,24.09,0,0,0,0,0,2022-08-16 12:25:00
953,24.14,0,0,0,0,0,2022-08-16 12:30:00
953,24.15,0,0,0,0,0,2022-08-16 12:35:00
953,24.24,0,0,0,0,0,2022-08-16 12:40:00
953,24.3,0,0,0,0,0,2022-08-16 12:45:00
953,24.31,0,0,0,0,0,2022-08-16 12:50:00